category,component,group_code,rcv,story,desc
APP,CTG+,kitchen,1234.59,0,Cooktop - gas - High grade
APP,DW++,kitchen,1856.28,0,Dishwasher - Premium grade
APP,FRBI+,kitchen,7145.63,0,Built-in freezer - 36in - High grade
APP,GD+,kitchen,491.74,0,Garbage disposer - High grade
APP,MWS+,kitchen,1127.88,0,Microwave oven - over range w/built-in hood - High grade
APP,OVBID+,kitchen,5091.63,0,Built-in double oven - High grade
APP,RFBI>+,kitchen,11033.25,0,Built-in refrigerator - 42in - High grade
APP,WL,kitchen,87.95,0,Appliance water line - 1/4in
CAB,CTSS+,bath,1222.2,0,Countertop - solid surface - High grade
CAB,CTSS+,bath2,733.32,0,Countertop - solid surface - High grade
CAB,CTSS+,bath3,1466.64,0,Countertop - solid surface - High grade
CAB,CTSS+,bath4,1222.2,-1,Countertop - solid surface - High grade
CAB,CTSS+,bath5,1222.2,-1,Countertop - solid surface - High grade
CAB,CTSS+,kitchen,4888.8,0,Countertop - solid surface - High grade
CAB,CTSS+,kitchen,1955.52,0,Countertop - solid surface - High grade
CAB,CUW24+,kitchen,5765.18,0,Custom cabinets - wall units - up to 24in tall - High grade
CAB,FH+,kitchen,1259.11,0,Cabinetry - full height unit - High grade
CAB,FH++,kitchen,3985.84,0,Cabinetry - full height unit - Premium grade
CAB,FLOW+,kitchen,7596.72,0,Cabinetry - laminate lower (base) units - High grade
CAB,GL+,kitchen,1011.84,0,Add for leaded glass (standard design). per cabinet door
CAB,KNPL,kitchen,443.08,0,Cabinet knob or pull
CAB,LOW++,kitchen,3989,0,Cabinetry - lower (base) units - Premium grade
CAB,MC+,bath,358.3,0,Medicine cabinet - High grade
CAB,MC+,bath2,358.3,0,Medicine cabinet - High grade
CAB,MC+,bath3,358.3,0,Medicine cabinet - High grade
CAB,MC+,bath4,358.3,-1,Medicine cabinet - High grade
CAB,MC+,bath5,358.3,-1,Medicine cabinet - High grade
CAB,RH42+,kitchen,2699.17,0,Wood range hood. 42in - tapered canopy - High grade
CAB,UP+,laundryroom,1430.4,0,Cabinetry - upper (wall) units - High grade
CAB,UP+,laundryroom2,1430.4,-1,Cabinetry - upper (wall) units - High grade
CAB,VAN+,bath,2371.9,0,Vanity - High grade
CAB,VAN+,bath2,1185.95,0,Vanity - High grade
CAB,VAN+,bath3,2767.21,0,Vanity - High grade
CAB,VAN+,bath4,2371.9,-1,Vanity - High grade
CAB,VAN+,bath5,2371.9,-1,Vanity - High grade
CNC,DKCOLAY,deck,3463.56,0,Overlay for exterior decking - stamped polymer concrete
CNC,PIER,deck,1104.76,0,Concrete pier or footing with post anchor
DMO,DUMP>,structurelev,10857.6,0,Dumpster load - Approx. 30 yards. 5-7 tons of debris
DOR,AV+,bath,492.37,0,Interior door unit - High grade
DOR,AV+,bath2,492.37,0,Interior door unit - High grade
DOR,AV+,bath3,492.37,0,Interior door unit - High grade
DOR,AV+,bath4,492.37,-1,Interior door unit - High grade
DOR,AV+,bath5,492.37,-1,Interior door unit - High grade
DOR,AV+,bedroom,492.37,0,Interior door unit - High grade
DOR,AV+,bedroom2,492.37,0,Interior door unit - High grade
DOR,AV+,bedroom3,492.37,0,Interior door unit - High grade
DOR,AV+,bedroom4,492.37,0,Interior door unit - High grade
DOR,AV+,bedroom5,492.37,-1,Interior door unit - High grade
DOR,AV+,bedroom6,492.37,-1,Interior door unit - High grade
DOR,AV+,bedroom7,492.37,-1,Interior door unit - High grade
DOR,AV+,bedroom8,492.37,-1,Interior door unit - High grade
DOR,AV+,laundryroom,492.37,0,Interior door unit - High grade
DOR,AV+,laundryroom2,492.37,-1,Interior door unit - High grade
DOR,AV+,structurelev,492.37,0,Interior door unit - High grade
DOR,AV+,structurelev,984.74,0,Interior door unit - High grade
DOR,AV+,utilityroom,492.37,0,Interior door unit - High grade
DOR,AV+,utilityroom2,492.37,-1,Interior door unit - High grade
DOR,AV+,walkinclose2,492.37,0,Interior door unit - High grade
DOR,AV+,walkincloset,492.37,0,Interior door unit - High grade
DOR,BF+,bedroom,555.51,0,Bifold door set - Birch veneer - Double
DOR,BF+,bedroom2,555.51,0,Bifold door set - Birch veneer - Double
DOR,BF+,bedroom3,555.51,0,Bifold door set - Birch veneer - Double
DOR,BF+,bedroom4,555.51,0,Bifold door set - Birch veneer - Double
DOR,BF+,bedroom5,555.51,-1,Bifold door set - Birch veneer - Double
DOR,BF+,bedroom6,555.51,-1,Bifold door set - Birch veneer - Double
DOR,BF+,bedroom7,555.51,-1,Bifold door set - Birch veneer - Double
DOR,BF+,bedroom8,555.51,-1,Bifold door set - Birch veneer - Double
DOR,STRMD+,patio,549.15,0,Storm door assembly - High grade
DOR,X+,structurelev,2283.81,0,Exterior door - metal - insulated / wood - High grade
DRY,1/2+,bath,1137.4,0,1/2in drywall - hung. taped. heavy texture. ready for paint
DRY,1/2+,bath,190.87,0,1/2in drywall - hung. taped. heavy texture. ready for paint
DRY,1/2+,bath2,877.21,0,1/2in drywall - hung. taped. heavy texture. ready for paint
DRY,1/2+,bath2,119.78,0,1/2in drywall - hung. taped. heavy texture. ready for paint
DRY,1/2+,bath3,1576,0,1/2in drywall - hung. taped. heavy texture. ready for paint
DRY,1/2+,bath3,381.75,0,1/2in drywall - hung. taped. heavy texture. ready for paint
DRY,1/2+,bath4,1137.4,-1,1/2in drywall - hung. taped. heavy texture. ready for paint
DRY,1/2+,bath4,190.87,-1,1/2in drywall - hung. taped. heavy texture. ready for paint
DRY,1/2+,bath5,1137.4,-1,1/2in drywall - hung. taped. heavy texture. ready for paint
DRY,1/2+,bath5,190.87,-1,1/2in drywall - hung. taped. heavy texture. ready for paint
DRY,1/2+,bedroom,1754.42,0,1/2in drywall - hung. taped. heavy texture. ready for paint
DRY,1/2+,bedroom,677.63,0,1/2in drywall - hung. taped. heavy texture. ready for paint
DRY,1/2+,bedroom2,2282.25,0,1/2in drywall - hung. taped. heavy texture. ready for paint
DRY,1/2+,bedroom2,1140.23,0,1/2in drywall - hung. taped. heavy texture. ready for paint
DRY,1/2+,bedroom3,2282.25,0,1/2in drywall - hung. taped. heavy texture. ready for paint
DRY,1/2+,bedroom3,1140.23,0,1/2in drywall - hung. taped. heavy texture. ready for paint
DRY,1/2+,bedroom4,2631.63,0,1/2in drywall - hung. taped. heavy texture. ready for paint
DRY,1/2+,bedroom4,1517.63,0,1/2in drywall - hung. taped. heavy texture. ready for paint
DRY,1/2+,bedroom5,2282.25,-1,1/2in drywall - hung. taped. heavy texture. ready for paint
DRY,1/2+,bedroom5,806.39,-1,1/2in drywall - hung. taped. heavy texture. ready for paint
DRY,1/2+,bedroom6,2631.63,-1,1/2in drywall - hung. taped. heavy texture. ready for paint
DRY,1/2+,bedroom6,1073.27,-1,1/2in drywall - hung. taped. heavy texture. ready for paint
DRY,1/2+,bedroom7,2631.63,-1,1/2in drywall - hung. taped. heavy texture. ready for paint
DRY,1/2+,bedroom7,1073.27,-1,1/2in drywall - hung. taped. heavy texture. ready for paint
DRY,1/2+,bedroom8,2631.63,-1,1/2in drywall - hung. taped. heavy texture. ready for paint
DRY,1/2+,bedroom8,1073.27,-1,1/2in drywall - hung. taped. heavy texture. ready for paint
DRY,1/2+,diningroom,2631.63,0,1/2in drywall - hung. taped. heavy texture. ready for paint
DRY,1/2+,diningroom,1464.99,0,1/2in drywall - hung. taped. heavy texture. ready for paint
DRY,1/2+,entryfoyer,1754.42,0,1/2in drywall - hung. taped. heavy texture. ready for paint
DRY,1/2+,entryfoyer,677.63,0,1/2in drywall - hung. taped. heavy texture. ready for paint
DRY,1/2+,familyroom,2631.63,0,1/2in drywall - hung. taped. heavy texture. ready for paint
DRY,1/2+,familyroom,1464.99,0,1/2in drywall - hung. taped. heavy texture. ready for paint
DRY,1/2+,hallway,1665.22,0,1/2in drywall - hung. taped. heavy texture. ready for paint
DRY,1/2+,hallway,286.31,0,1/2in drywall - hung. taped. heavy texture. ready for paint
DRY,1/2+,hallway2,1843.64,0,1/2in drywall - hung. taped. heavy texture. ready for paint
DRY,1/2+,hallway2,432.51,0,1/2in drywall - hung. taped. heavy texture. ready for paint
DRY,1/2+,hallway3,1665.22,-1,1/2in drywall - hung. taped. heavy texture. ready for paint
DRY,1/2+,hallway3,286.31,-1,1/2in drywall - hung. taped. heavy texture. ready for paint
DRY,1/2+,hallway4,1843.64,-1,1/2in drywall - hung. taped. heavy texture. ready for paint
DRY,1/2+,hallway4,432.51,-1,1/2in drywall - hung. taped. heavy texture. ready for paint
DRY,1/2+,kitchen,2282.25,0,1/2in drywall - hung. taped. heavy texture. ready for paint
DRY,1/2+,kitchen,791.91,0,1/2in drywall - hung. taped. heavy texture. ready for paint
DRY,1/2+,laundryroom,1576,0,1/2in drywall - hung. taped. heavy texture. ready for paint
DRY,1/2+,laundryroom,381.75,0,1/2in drywall - hung. taped. heavy texture. ready for paint
DRY,1/2+,laundryroom2,1576,-1,1/2in drywall - hung. taped. heavy texture. ready for paint
DRY,1/2+,laundryroom2,381.75,-1,1/2in drywall - hung. taped. heavy texture. ready for paint
DRY,1/2+,livingroom,2981.04,0,1/2in drywall - hung. taped. heavy texture. ready for paint
DRY,1/2+,livingroom,1895.03,0,1/2in drywall - hung. taped. heavy texture. ready for paint
DRY,1/2+,livingroom2,2631.63,-1,1/2in drywall - hung. taped. heavy texture. ready for paint
DRY,1/2+,livingroom2,1036.1,-1,1/2in drywall - hung. taped. heavy texture. ready for paint
DRY,1/2+,livingroom3,2981.04,-1,1/2in drywall - hung. taped. heavy texture. ready for paint
DRY,1/2+,livingroom3,1340.19,-1,1/2in drywall - hung. taped. heavy texture. ready for paint
DRY,1/2+,nook,1754.42,0,1/2in drywall - hung. taped. heavy texture. ready for paint
DRY,1/2+,nook,677.63,0,1/2in drywall - hung. taped. heavy texture. ready for paint
DRY,1/2+,nook2,1754.42,-1,1/2in drywall - hung. taped. heavy texture. ready for paint
DRY,1/2+,nook2,479.19,-1,1/2in drywall - hung. taped. heavy texture. ready for paint
DRY,1/2+,structurelev,604.64,0,1/2in drywall - hung. taped. heavy texture. ready for paint
DRY,1/2+,structurelev,1209.26,0,1/2in drywall - hung. taped. heavy texture. ready for paint
DRY,1/2+,utilityroom,1932.84,0,1/2in drywall - hung. taped. heavy texture. ready for paint
DRY,1/2+,utilityroom,576.69,0,1/2in drywall - hung. taped. heavy texture. ready for paint
DRY,1/2+,utilityroom2,1932.84,-1,1/2in drywall - hung. taped. heavy texture. ready for paint
DRY,1/2+,utilityroom2,576.69,-1,1/2in drywall - hung. taped. heavy texture. ready for paint
DRY,1/2+,walkinclose2,1932.84,0,1/2in drywall - hung. taped. heavy texture. ready for paint
DRY,1/2+,walkinclose2,576.69,0,1/2in drywall - hung. taped. heavy texture. ready for paint
DRY,1/2+,walkincloset,1932.84,0,1/2in drywall - hung. taped. heavy texture. ready for paint
DRY,1/2+,walkincloset,576.69,0,1/2in drywall - hung. taped. heavy texture. ready for paint
ELE,110,kitchen,105.88,0,110 volt copper wiring run. box and outlet
ELE,110,kitchen,105.88,0,110 volt copper wiring run. box and outlet
ELE,110,kitchen,105.88,0,110 volt copper wiring run. box and outlet
ELE,220,kitchen,266.35,0,220 volt copper wiring run. box and receptacle
ELE,220,kitchen,266.35,0,220 volt copper wiring run. box and receptacle
ELE,BPNL200,structurelev,2026.63,0,Breaker panel - 200 amp
ELE,GFI,bath,44.8,0,Ground fault interrupter (GFI) outlet
ELE,GFI,bath2,44.8,0,Ground fault interrupter (GFI) outlet
ELE,GFI,bath3,89.62,0,Ground fault interrupter (GFI) outlet
ELE,GFI,bath4,44.8,-1,Ground fault interrupter (GFI) outlet
ELE,GFI,bath5,44.8,-1,Ground fault interrupter (GFI) outlet
ELE,GFI,deck,44.8,0,Ground fault interrupter (GFI) outlet
ELE,GFI,kitchen,89.62,0,Ground fault interrupter (GFI) outlet
ELE,GFI,laundryroom,44.8,0,Ground fault interrupter (GFI) outlet
ELE,GFI,laundryroom2,44.8,-1,Ground fault interrupter (GFI) outlet
ELE,GFI,patio,44.8,0,Ground fault interrupter (GFI) outlet
ELE,GROD,structurelev,149.23,0,Grounding rod - copper clad with clamp. 8'
ELE,LV,structurelev,58.08,0,Phone / low voltage copper wiring
ELE,LV,structurelev,58.08,0,Phone / low voltage copper wiring
ELE,MAST,structurelev,696.5,0,Meter mast for overhead power - 2in conduit
ELE,METR,structurelev,652.55,0,Meter base and main disconnect - 200 amp
ELE,OL,structurelev,49.54,0,Phone. TV. or speaker outlet
ELE,OL,structurelev,99.08,0,Phone. TV. or speaker outlet
ELE,OL220,kitchen,45.46,0,220 volt outlet
ELE,OL220,laundryroom,45.46,0,220 volt outlet
ELE,OL220,laundryroom2,45.46,-1,220 volt outlet
ELE,OS,bath,38.74,0,Outlet
ELE,OS,bath2,38.74,0,Outlet
ELE,OS,bath3,38.74,0,Outlet
ELE,OS,bath4,38.74,-1,Outlet
ELE,OS,bath5,38.74,-1,Outlet
ELE,OS,bedroom,154.94,0,Outlet
ELE,OS,bedroom2,154.94,0,Outlet
ELE,OS,bedroom3,154.94,0,Outlet
ELE,OS,bedroom4,154.94,0,Outlet
ELE,OS,bedroom5,154.94,-1,Outlet
ELE,OS,bedroom6,154.94,-1,Outlet
ELE,OS,bedroom7,154.94,-1,Outlet
ELE,OS,bedroom8,154.94,-1,Outlet
ELE,OS,deck,19.36,0,Outlet
ELE,OS,diningroom,96.84,0,Outlet
ELE,OS,entryfoyer,38.74,0,Outlet
ELE,OS,familyroom,213.04,0,Outlet
ELE,OS,hallway,58.1,0,Outlet
ELE,OS,hallway2,58.1,0,Outlet
ELE,OS,hallway3,58.1,-1,Outlet
ELE,OS,hallway4,58.1,-1,Outlet
ELE,OS,kitchen,77.48,0,Outlet
ELE,OS,kitchen,38.74,0,Outlet
ELE,OS,laundryroom,19.36,0,Outlet
ELE,OS,laundryroom2,19.36,-1,Outlet
ELE,OS,livingroom,213.04,0,Outlet
ELE,OS,livingroom2,213.04,-1,Outlet
ELE,OS,livingroom3,213.04,-1,Outlet
ELE,OS,nook,96.84,0,Outlet
ELE,OS,nook2,96.84,-1,Outlet
ELE,OS,patio,19.36,0,Outlet
ELE,OS,utilityroom,116.2,0,Outlet
ELE,OS,utilityroom2,116.2,-1,Outlet
ELE,OS,walkinclose2,38.74,0,Outlet
ELE,OS,walkincloset,38.74,0,Outlet
ELE,REWIRE,structurelev,25440,0,Rewire\wire - avg. residence - boxes & wiring
ELE,SMOKE+,bedroom,112.99,0,Smoke detector - High grade
ELE,SMOKE+,bedroom2,112.99,0,Smoke detector - High grade
ELE,SMOKE+,bedroom3,112.99,0,Smoke detector - High grade
ELE,SMOKE+,bedroom4,112.99,0,Smoke detector - High grade
ELE,SMOKE+,bedroom5,112.99,-1,Smoke detector - High grade
ELE,SMOKE+,bedroom6,112.99,-1,Smoke detector - High grade
ELE,SMOKE+,bedroom7,112.99,-1,Smoke detector - High grade
ELE,SMOKE+,bedroom8,112.99,-1,Smoke detector - High grade
ELE,SMOKE+,hallway,112.99,0,Smoke detector - High grade
ELE,SMOKE+,hallway2,112.99,0,Smoke detector - High grade
ELE,SMOKE+,hallway3,112.99,-1,Smoke detector - High grade
ELE,SMOKE+,hallway4,112.99,-1,Smoke detector - High grade
ELE,SMOKE+,structurelev,112.99,0,Smoke detector - High grade
ELE,TRUNK+,structurelev,742.08,0,Trunk cable - aluminum - 4 wire 4/0
ELE,XOS,structurelev,56.68,0,Exterior outlet or switch
FCC,AV++,bath,183.72,0,Carpet - Premium grade
FCC,AV++,bath2,115.3,0,Carpet - Premium grade
FCC,AV++,bath3,367.34,0,Carpet - Premium grade
FCC,AV++,bath4,183.72,-1,Carpet - Premium grade
FCC,AV++,bath5,183.72,-1,Carpet - Premium grade
FCC,AV++,bedroom,461.17,0,Carpet - Premium grade
FCC,AV++,bedroom2,776.04,0,Carpet - Premium grade
FCC,AV++,bedroom3,776.04,0,Carpet - Premium grade
FCC,AV++,bedroom4,1032.86,0,Carpet - Premium grade
FCC,AV++,bedroom5,776.04,-1,Carpet - Premium grade
FCC,AV++,bedroom6,1032.86,-1,Carpet - Premium grade
FCC,AV++,bedroom7,1032.86,-1,Carpet - Premium grade
FCC,AV++,bedroom8,1032.86,-1,Carpet - Premium grade
FCC,AV++,diningroom,997.09,0,Carpet - Premium grade
FCC,AV++,entryfoyer,461.17,0,Carpet - Premium grade
FCC,AV++,familyroom,997.09,0,Carpet - Premium grade
FCC,AV++,hallway,275.48,0,Carpet - Premium grade
FCC,AV++,hallway2,416.17,0,Carpet - Premium grade
FCC,AV++,hallway3,275.48,-1,Carpet - Premium grade
FCC,AV++,hallway4,416.17,-1,Carpet - Premium grade
FCC,AV++,kitchen,762.04,0,Carpet - Premium grade
FCC,AV++,laundryroom,367.34,0,Carpet - Premium grade
FCC,AV++,laundryroom2,367.34,-1,Carpet - Premium grade
FCC,AV++,livingroom,1289.67,0,Carpet - Premium grade
FCC,AV++,livingroom2,997.09,-1,Carpet - Premium grade
FCC,AV++,livingroom3,1289.67,-1,Carpet - Premium grade
FCC,AV++,nook,461.17,0,Carpet - Premium grade
FCC,AV++,nook2,461.17,-1,Carpet - Premium grade
FCC,AV++,utilityroom,555,0,Carpet - Premium grade
FCC,AV++,utilityroom2,555,-1,Carpet - Premium grade
FCC,AV++,walkinclose2,555,0,Carpet - Premium grade
FCC,AV++,walkincloset,555,0,Carpet - Premium grade
FCC,PAD+,bath,22.54,0,Carpet pad - High grade
FCC,PAD+,bath2,14.15,0,Carpet pad - High grade
FCC,PAD+,bath3,45.08,0,Carpet pad - High grade
FCC,PAD+,bath4,22.54,-1,Carpet pad - High grade
FCC,PAD+,bath5,22.54,-1,Carpet pad - High grade
FCC,PAD+,bedroom,56.59,0,Carpet pad - High grade
FCC,PAD+,bedroom2,95.2,0,Carpet pad - High grade
FCC,PAD+,bedroom3,95.2,0,Carpet pad - High grade
FCC,PAD+,bedroom4,126.72,0,Carpet pad - High grade
FCC,PAD+,bedroom5,95.2,-1,Carpet pad - High grade
FCC,PAD+,bedroom6,126.72,-1,Carpet pad - High grade
FCC,PAD+,bedroom7,126.72,-1,Carpet pad - High grade
FCC,PAD+,bedroom8,126.72,-1,Carpet pad - High grade
FCC,PAD+,diningroom,122.32,0,Carpet pad - High grade
FCC,PAD+,entryfoyer,56.59,0,Carpet pad - High grade
FCC,PAD+,familyroom,122.32,0,Carpet pad - High grade
FCC,PAD+,hallway,33.8,0,Carpet pad - High grade
FCC,PAD+,hallway2,51.07,0,Carpet pad - High grade
FCC,PAD+,hallway3,33.8,-1,Carpet pad - High grade
FCC,PAD+,hallway4,51.07,-1,Carpet pad - High grade
FCC,PAD+,kitchen,93.49,0,Carpet pad - High grade
FCC,PAD+,laundryroom,45.08,0,Carpet pad - High grade
FCC,PAD+,laundryroom2,45.08,-1,Carpet pad - High grade
FCC,PAD+,livingroom,158.23,0,Carpet pad - High grade
FCC,PAD+,livingroom2,122.32,-1,Carpet pad - High grade
FCC,PAD+,livingroom3,158.23,-1,Carpet pad - High grade
FCC,PAD+,nook,56.59,0,Carpet pad - High grade
FCC,PAD+,nook2,56.59,-1,Carpet pad - High grade
FCC,PAD+,utilityroom,68.08,0,Carpet pad - High grade
FCC,PAD+,utilityroom2,68.08,-1,Carpet pad - High grade
FCC,PAD+,walkinclose2,68.08,0,Carpet pad - High grade
FCC,PAD+,walkincloset,68.08,0,Carpet pad - High grade
FCT,AV++,bath,193.87,0,Tile floor covering - Premium grade
FCT,AV++,bath2,121.59,0,Tile floor covering - Premium grade
FCT,AV++,bath3,387.96,0,Tile floor covering - Premium grade
FCT,AV++,bath4,193.87,-1,Tile floor covering - Premium grade
FCT,AV++,bath5,193.87,-1,Tile floor covering - Premium grade
FCT,AV++,bedroom,486.91,0,Tile floor covering - Premium grade
FCT,AV++,bedroom2,819.23,0,Tile floor covering - Premium grade
FCT,AV++,bedroom3,819.23,0,Tile floor covering - Premium grade
FCT,AV++,bedroom4,1090.36,0,Tile floor covering - Premium grade
FCT,AV++,bedroom5,819.23,-1,Tile floor covering - Premium grade
FCT,AV++,bedroom6,1090.36,-1,Tile floor covering - Premium grade
FCT,AV++,bedroom7,1090.36,-1,Tile floor covering - Premium grade
FCT,AV++,bedroom8,1090.36,-1,Tile floor covering - Premium grade
FCT,AV++,diningroom,1052.61,0,Tile floor covering - Premium grade
FCT,AV++,entryfoyer,486.91,0,Tile floor covering - Premium grade
FCT,AV++,familyroom,1052.61,0,Tile floor covering - Premium grade
FCT,AV++,hallway,290.78,0,Tile floor covering - Premium grade
FCT,AV++,hallway2,439.32,0,Tile floor covering - Premium grade
FCT,AV++,hallway3,290.78,-1,Tile floor covering - Premium grade
FCT,AV++,hallway4,439.32,-1,Tile floor covering - Premium grade
FCT,AV++,kitchen,804.62,0,Tile floor covering - Premium grade
FCT,AV++,laundryroom,387.96,0,Tile floor covering - Premium grade
FCT,AV++,laundryroom2,387.96,-1,Tile floor covering - Premium grade
FCT,AV++,livingroom,1361.52,0,Tile floor covering - Premium grade
FCT,AV++,livingroom2,1052.61,-1,Tile floor covering - Premium grade
FCT,AV++,livingroom3,1361.52,-1,Tile floor covering - Premium grade
FCT,AV++,nook,486.91,0,Tile floor covering - Premium grade
FCT,AV++,nook2,486.91,-1,Tile floor covering - Premium grade
FCT,AV++,utilityroom,585.84,0,Tile floor covering - Premium grade
FCT,AV++,utilityroom2,585.84,-1,Tile floor covering - Premium grade
FCT,AV++,walkinclose2,585.84,0,Tile floor covering - Premium grade
FCT,AV++,walkincloset,585.84,0,Tile floor covering - Premium grade
FCW,AV+,bath,198.8,0,Oak flooring - select grade - no finish
FCW,AV+,bath2,124.75,0,Oak flooring - select grade - no finish
FCW,AV+,bath3,397.45,0,Oak flooring - select grade - no finish
FCW,AV+,bath4,198.8,-1,Oak flooring - select grade - no finish
FCW,AV+,bath5,198.8,-1,Oak flooring - select grade - no finish
FCW,AV+,bedroom,498.97,0,Oak flooring - select grade - no finish
FCW,AV+,bedroom2,839.53,0,Oak flooring - select grade - no finish
FCW,AV+,bedroom3,839.53,0,Oak flooring - select grade - no finish
FCW,AV+,bedroom4,1117.53,0,Oak flooring - select grade - no finish
FCW,AV+,bedroom5,839.53,-1,Oak flooring - select grade - no finish
FCW,AV+,bedroom6,1117.53,-1,Oak flooring - select grade - no finish
FCW,AV+,bedroom7,1117.53,-1,Oak flooring - select grade - no finish
FCW,AV+,bedroom8,1117.53,-1,Oak flooring - select grade - no finish
FCW,AV+,diningroom,1078.7,0,Oak flooring - select grade - no finish
FCW,AV+,entryfoyer,498.97,0,Oak flooring - select grade - no finish
FCW,AV+,familyroom,1078.7,0,Oak flooring - select grade - no finish
FCW,AV+,hallway,298.11,0,Oak flooring - select grade - no finish
FCW,AV+,hallway2,450.34,0,Oak flooring - select grade - no finish
FCW,AV+,hallway3,298.11,-1,Oak flooring - select grade - no finish
FCW,AV+,hallway4,450.34,-1,Oak flooring - select grade - no finish
FCW,AV+,kitchen,824.56,0,Oak flooring - select grade - no finish
FCW,AV+,laundryroom,397.45,0,Oak flooring - select grade - no finish
FCW,AV+,laundryroom2,397.45,-1,Oak flooring - select grade - no finish
FCW,AV+,livingroom,1395.39,0,Oak flooring - select grade - no finish
FCW,AV+,livingroom2,1078.7,-1,Oak flooring - select grade - no finish
FCW,AV+,livingroom3,1395.39,-1,Oak flooring - select grade - no finish
FCW,AV+,nook,498.97,0,Oak flooring - select grade - no finish
FCW,AV+,nook2,498.97,-1,Oak flooring - select grade - no finish
FCW,AV+,utilityroom,600.37,0,Oak flooring - select grade - no finish
FCW,AV+,utilityroom2,600.37,-1,Oak flooring - select grade - no finish
FCW,AV+,walkinclose2,600.37,0,Oak flooring - select grade - no finish
FCW,AV+,walkincloset,600.37,0,Oak flooring - select grade - no finish
FCW,FIN,bath,78.96,0,Sand & finish wood floor (natural finish)
FCW,FIN,bath2,49.55,0,Sand & finish wood floor (natural finish)
FCW,FIN,bath3,157.88,0,Sand & finish wood floor (natural finish)
FCW,FIN,bath4,78.96,-1,Sand & finish wood floor (natural finish)
FCW,FIN,bath5,78.96,-1,Sand & finish wood floor (natural finish)
FCW,FIN,bedroom,198.2,0,Sand & finish wood floor (natural finish)
FCW,FIN,bedroom2,333.47,0,Sand & finish wood floor (natural finish)
FCW,FIN,bedroom3,333.47,0,Sand & finish wood floor (natural finish)
FCW,FIN,bedroom4,443.89,0,Sand & finish wood floor (natural finish)
FCW,FIN,bedroom5,333.47,-1,Sand & finish wood floor (natural finish)
FCW,FIN,bedroom6,443.89,-1,Sand & finish wood floor (natural finish)
FCW,FIN,bedroom7,443.89,-1,Sand & finish wood floor (natural finish)
FCW,FIN,bedroom8,443.89,-1,Sand & finish wood floor (natural finish)
FCW,FIN,diningroom,428.48,0,Sand & finish wood floor (natural finish)
FCW,FIN,entryfoyer,198.2,0,Sand & finish wood floor (natural finish)
FCW,FIN,familyroom,428.48,0,Sand & finish wood floor (natural finish)
FCW,FIN,hallway,118.42,0,Sand & finish wood floor (natural finish)
FCW,FIN,hallway2,178.89,0,Sand & finish wood floor (natural finish)
FCW,FIN,hallway3,118.42,-1,Sand & finish wood floor (natural finish)
FCW,FIN,hallway4,178.89,-1,Sand & finish wood floor (natural finish)
FCW,FIN,kitchen,327.52,0,Sand & finish wood floor (natural finish)
FCW,FIN,laundryroom,157.88,0,Sand & finish wood floor (natural finish)
FCW,FIN,laundryroom2,157.88,-1,Sand & finish wood floor (natural finish)
FCW,FIN,livingroom,554.27,0,Sand & finish wood floor (natural finish)
FCW,FIN,livingroom2,428.48,-1,Sand & finish wood floor (natural finish)
FCW,FIN,livingroom3,554.27,-1,Sand & finish wood floor (natural finish)
FCW,FIN,nook,198.2,0,Sand & finish wood floor (natural finish)
FCW,FIN,nook2,198.2,-1,Sand & finish wood floor (natural finish)
FCW,FIN,utilityroom,238.47,0,Sand & finish wood floor (natural finish)
FCW,FIN,utilityroom2,238.47,-1,Sand & finish wood floor (natural finish)
FCW,FIN,walkinclose2,238.47,0,Sand & finish wood floor (natural finish)
FCW,FIN,walkincloset,238.47,0,Sand & finish wood floor (natural finish)
FNC,1X12H,familyroom,671.55,0,Trim board - 1in x 12in - installed (hardwood - oak or =)
FNC,1X12H,livingroom,747.59,0,Trim board - 1in x 12in - installed (hardwood - oak or =)
FNC,1X12H,livingroom2,671.55,-1,Trim board - 1in x 12in - installed (hardwood - oak or =)
FNC,1X12H,livingroom3,747.59,-1,Trim board - 1in x 12in - installed (hardwood - oak or =)
FNC,1X6H,familyroom,184.27,0,Trim board - 1in x 6in - installed (hardwood - oak or =)
FNC,1X6H,livingroom,205.11,0,Trim board - 1in x 6in - installed (hardwood - oak or =)
FNC,1X6H,livingroom2,184.27,-1,Trim board - 1in x 6in - installed (hardwood - oak or =)
FNC,1X6H,livingroom3,205.11,-1,Trim board - 1in x 6in - installed (hardwood - oak or =)
FNC,B3+,bath,189.43,0,Baseboard - 3 1/4in stain grade
FNC,B3+,bath2,146.12,0,Baseboard - 3 1/4in stain grade
FNC,B3+,bath3,262.43,0,Baseboard - 3 1/4in stain grade
FNC,B3+,bath4,189.43,-1,Baseboard - 3 1/4in stain grade
FNC,B3+,bath5,189.43,-1,Baseboard - 3 1/4in stain grade
FNC,B3+,bedroom,292.15,0,Baseboard - 3 1/4in stain grade
FNC,B3+,bedroom2,380.08,0,Baseboard - 3 1/4in stain grade
FNC,B3+,bedroom3,380.08,0,Baseboard - 3 1/4in stain grade
FNC,B3+,bedroom4,438.25,0,Baseboard - 3 1/4in stain grade
FNC,B3+,bedroom5,380.08,-1,Baseboard - 3 1/4in stain grade
FNC,B3+,bedroom6,438.25,-1,Baseboard - 3 1/4in stain grade
FNC,B3+,bedroom7,438.25,-1,Baseboard - 3 1/4in stain grade
FNC,B3+,bedroom8,438.25,-1,Baseboard - 3 1/4in stain grade
FNC,B3+,diningroom,438.25,0,Baseboard - 3 1/4in stain grade
FNC,B3+,entryfoyer,292.15,0,Baseboard - 3 1/4in stain grade
FNC,B3+,familyroom,438.25,0,Baseboard - 3 1/4in stain grade
FNC,B3+,hallway,277.29,0,Baseboard - 3 1/4in stain grade
FNC,B3+,hallway2,306.99,0,Baseboard - 3 1/4in stain grade
FNC,B3+,hallway3,277.29,-1,Baseboard - 3 1/4in stain grade
FNC,B3+,hallway4,306.99,-1,Baseboard - 3 1/4in stain grade
FNC,B3+,kitchen,380.08,0,Baseboard - 3 1/4in stain grade
FNC,B3+,laundryroom,262.43,0,Baseboard - 3 1/4in stain grade
FNC,B3+,laundryroom2,262.43,-1,Baseboard - 3 1/4in stain grade
FNC,B3+,livingroom,496.42,0,Baseboard - 3 1/4in stain grade
FNC,B3+,livingroom2,438.25,-1,Baseboard - 3 1/4in stain grade
FNC,B3+,livingroom3,496.42,-1,Baseboard - 3 1/4in stain grade
FNC,B3+,nook,292.15,0,Baseboard - 3 1/4in stain grade
FNC,B3+,nook2,292.15,-1,Baseboard - 3 1/4in stain grade
FNC,B3+,utilityroom,321.85,0,Baseboard - 3 1/4in stain grade
FNC,B3+,utilityroom2,321.85,-1,Baseboard - 3 1/4in stain grade
FNC,B3+,walkinclose2,321.85,0,Baseboard - 3 1/4in stain grade
FNC,B3+,walkincloset,321.85,0,Baseboard - 3 1/4in stain grade
FNC,BK12,structurelev,1774.8,0,Bookcase - built in - 12in - (SF of face area)
FNC,CHRH++,kitchen,487.55,0,Chair rail - 2 1/2in hardwood - moulded w/intricate detail
FNC,CLROD,bedroom,39.74,0,Closet rod
FNC,CLROD,bedroom2,39.74,0,Closet rod
FNC,CLROD,bedroom3,39.74,0,Closet rod
FNC,CLROD,bedroom4,39.74,0,Closet rod
FNC,CLROD,bedroom5,39.74,-1,Closet rod
FNC,CLROD,bedroom6,39.74,-1,Closet rod
FNC,CLROD,bedroom7,39.74,-1,Closet rod
FNC,CLROD,bedroom8,39.74,-1,Closet rod
FNC,CLROD,structurelev,66.24,0,Closet rod
FNC,CLROD,walkinclose2,172.22,0,Closet rod
FNC,CLROD,walkincloset,172.22,0,Closet rod
FNC,CWN>+,bedroom,413.43,0,Crown moulding - 4 1/4in stain grade
FNC,CWN>+,bedroom2,537.91,0,Crown moulding - 4 1/4in stain grade
FNC,CWN>+,bedroom3,537.91,0,Crown moulding - 4 1/4in stain grade
FNC,CWN>+,bedroom4,620.2,0,Crown moulding - 4 1/4in stain grade
FNC,CWN>+,bedroom5,537.91,-1,Crown moulding - 4 1/4in stain grade
FNC,CWN>+,bedroom6,620.2,-1,Crown moulding - 4 1/4in stain grade
FNC,CWN>+,bedroom7,620.2,-1,Crown moulding - 4 1/4in stain grade
FNC,CWN>+,bedroom8,620.2,-1,Crown moulding - 4 1/4in stain grade
FNC,CWN>+,diningroom,620.2,0,Crown moulding - 4 1/4in stain grade
FNC,CWN>+,entryfoyer,413.43,0,Crown moulding - 4 1/4in stain grade
FNC,CWN>+,familyroom,620.2,0,Crown moulding - 4 1/4in stain grade
FNC,CWN>+,hallway,392.41,0,Crown moulding - 4 1/4in stain grade
FNC,CWN>+,hallway2,434.47,0,Crown moulding - 4 1/4in stain grade
FNC,CWN>+,hallway3,392.41,-1,Crown moulding - 4 1/4in stain grade
FNC,CWN>+,hallway4,434.47,-1,Crown moulding - 4 1/4in stain grade
FNC,CWN>+,livingroom,702.51,0,Crown moulding - 4 1/4in stain grade
FNC,CWN>+,livingroom2,620.2,-1,Crown moulding - 4 1/4in stain grade
FNC,CWN>+,livingroom3,702.51,-1,Crown moulding - 4 1/4in stain grade
FNC,CWN>+,nook,413.43,0,Crown moulding - 4 1/4in stain grade
FNC,CWN>+,nook2,413.43,-1,Crown moulding - 4 1/4in stain grade
FNC,HR+,structurelev,731.16,0,Handrail - detailed profile - softwood - wall mounted
FNC,LAB,structurelev,4033.27,0,Finish Carpenter - per hour
FNC,PDPC,diningroom,626.2,0,Pediment - peaked cap style
FNC,PDPC,entryfoyer,626.2,0,Pediment - peaked cap style
FNC,PDPC,kitchen,626.2,0,Pediment - peaked cap style
FNC,PILS,diningroom,1109.8,0,Pilaster - urethane - smooth face
FNC,PILS,entryfoyer,1109.8,0,Pilaster - urethane - smooth face
FNC,PILS,kitchen,1109.8,0,Pilaster - urethane - smooth face
FNC,SH12,bedroom,88.92,0,Shelving - 12in - in place
FNC,SH12,bedroom2,88.92,0,Shelving - 12in - in place
FNC,SH12,bedroom3,88.92,0,Shelving - 12in - in place
FNC,SH12,bedroom4,88.92,0,Shelving - 12in - in place
FNC,SH12,bedroom5,88.92,-1,Shelving - 12in - in place
FNC,SH12,bedroom6,88.92,-1,Shelving - 12in - in place
FNC,SH12,bedroom7,88.92,-1,Shelving - 12in - in place
FNC,SH12,bedroom8,88.92,-1,Shelving - 12in - in place
FNC,SH12,utilityroom,385.32,0,Shelving - 12in - in place
FNC,SH12,utilityroom2,385.32,-1,Shelving - 12in - in place
FNC,SH12,walkinclose2,385.32,0,Shelving - 12in - in place
FNC,SH12,walkincloset,385.32,0,Shelving - 12in - in place
FNC,SH16,bath,236.52,0,Shelving - 16in - in place
FNC,SH16,bath2,236.52,0,Shelving - 16in - in place
FNC,SH16,bath3,236.52,0,Shelving - 16in - in place
FNC,SH16,bath4,236.52,-1,Shelving - 16in - in place
FNC,SH16,bath5,236.52,-1,Shelving - 16in - in place
FNC,SH16,bedroom,94.6,0,Shelving - 16in - in place
FNC,SH16,bedroom2,94.6,0,Shelving - 16in - in place
FNC,SH16,bedroom3,94.6,0,Shelving - 16in - in place
FNC,SH16,bedroom4,94.6,0,Shelving - 16in - in place
FNC,SH16,bedroom5,94.6,-1,Shelving - 16in - in place
FNC,SH16,bedroom6,94.6,-1,Shelving - 16in - in place
FNC,SH16,bedroom7,94.6,-1,Shelving - 16in - in place
FNC,SH16,bedroom8,94.6,-1,Shelving - 16in - in place
FNC,SH16,structurelev,394.2,0,Shelving - 16in - in place
FNC,SH16,structurelev,157.68,0,Shelving - 16in - in place
FNC,SH16,utilityroom,409.96,0,Shelving - 16in - in place
FNC,SH16,utilityroom2,409.96,-1,Shelving - 16in - in place
FNC,SH16,walkinclose2,409.96,0,Shelving - 16in - in place
FNC,SH16,walkincloset,409.96,0,Shelving - 16in - in place
FNC,SILLH,structurelev,1270.92,0,Window sill - hardwood
FNH,DBX,structurelev,383.84,0,Door lockset & deadbolt - exterior
FNH,DORH+,bath,76.33,0,Door knob - interior - High grade
FNH,DORH+,bath2,76.33,0,Door knob - interior - High grade
FNH,DORH+,bath3,76.33,0,Door knob - interior - High grade
FNH,DORH+,bath4,76.33,-1,Door knob - interior - High grade
FNH,DORH+,bath5,76.33,-1,Door knob - interior - High grade
FNH,DORH+,bedroom,76.33,0,Door knob - interior - High grade
FNH,DORH+,bedroom2,76.33,0,Door knob - interior - High grade
FNH,DORH+,bedroom3,76.33,0,Door knob - interior - High grade
FNH,DORH+,bedroom4,76.33,0,Door knob - interior - High grade
FNH,DORH+,bedroom5,76.33,-1,Door knob - interior - High grade
FNH,DORH+,bedroom6,76.33,-1,Door knob - interior - High grade
FNH,DORH+,bedroom7,76.33,-1,Door knob - interior - High grade
FNH,DORH+,bedroom8,76.33,-1,Door knob - interior - High grade
FNH,DORH+,laundryroom,76.33,0,Door knob - interior - High grade
FNH,DORH+,laundryroom2,76.33,-1,Door knob - interior - High grade
FNH,DORH+,structurelev,76.33,0,Door knob - interior - High grade
FNH,DORH+,structurelev,152.66,0,Door knob - interior - High grade
FNH,DORH+,utilityroom,76.33,0,Door knob - interior - High grade
FNH,DORH+,utilityroom2,76.33,-1,Door knob - interior - High grade
FNH,DORH+,walkinclose2,76.33,0,Door knob - interior - High grade
FNH,DORH+,walkincloset,76.33,0,Door knob - interior - High grade
FNH,TBAR+,bath,56.01,0,Towel bar - High grade
FNH,TBAR+,bath2,56.01,0,Towel bar - High grade
FNH,TBAR+,bath3,56.01,0,Towel bar - High grade
FNH,TBAR+,bath4,56.01,-1,Towel bar - High grade
FNH,TBAR+,bath5,56.01,-1,Towel bar - High grade
FNH,TP+,bath,52.08,0,Toilet paper holder - High grade
FNH,TP+,bath4,52.08,-1,Toilet paper holder - High grade
FNH,TP+,bath5,52.08,-1,Toilet paper holder - High grade
FNH,TR+,bath,52.79,0,Towel ring - High grade
FNH,TR+,bath2,52.79,0,Towel ring - High grade
FNH,TR+,bath3,52.79,0,Towel ring - High grade
FNH,TR+,bath4,52.79,-1,Towel ring - High grade
FNH,TR+,bath5,52.79,-1,Towel ring - High grade
FPL,AV+,structurelev,27198.56,0,Masonry fireplace & chimney - single story home - High grd
FPL,FLCP,structurelev,148.19,0,Flue cap
FPL,HRTH,structurelev,1092.79,0,Fireplace hearth - brick
FPL,MNTL+,structurelev,928.67,0,Fireplace mantel - stain grade or hardwood - prefab.
FRM,1X8,patio,354.82,0,1in x 8in lumber (.667 BF per LF)
FRM,2X10,structurelev,188.54,0,2in x 10in lumber (1.67 BF per LF)
FRM,2X4,deck,161.47,0,2in x 4in lumber (.667 BF per LF)
FRM,2X4,familyroom,254.41,0,2in x 4in lumber (.667 BF per LF)
FRM,2X4,livingroom,283.21,0,2in x 4in lumber (.667 BF per LF)
FRM,2X4,livingroom2,254.41,-1,2in x 4in lumber (.667 BF per LF)
FRM,2X4,livingroom3,283.21,-1,2in x 4in lumber (.667 BF per LF)
FRM,2X4,patio,209.52,0,2in x 4in lumber (.667 BF per LF)
FRM,2X4,structurelev,790.92,0,2in x 4in lumber (.667 BF per LF)
FRM,2X6,deck,93,0,2in x 6in lumber (1 BF per LF)
FRM,2X6,patio,120.69,0,2in x 6in lumber (1 BF per LF)
FRM,2X6,structurelev,438.79,0,2in x 6in lumber (1 BF per LF)
FRM,2X6,structurelev,1090.56,0,2in x 6in lumber (1 BF per LF)
FRM,2X6R,structurelev,2059.91,0,2in x 6in lumber - redwood (1 BF per LF)
FRM,2X8,deck,515.23,0,2in x 8in lumber (1.33 BF per LF)
FRM,2X8,structurelev,671.24,0,2in x 8in lumber (1.33 BF per LF)
FRM,4SF,structurelev,12414.68,0,Stud wall - 2in x 4in - 16in oc
FRM,4X4,deck,442.04,0,4in x 4in square wood post (1.33 BF per LF)
FRM,6SF,patio,245.52,0,Stud wall - 2in x 6in - 16in oc
FRM,6SF,structurelev,1004.4,0,Stud wall - 2in x 6in - 16in oc
FRM,6SF,structurelev,15574.79,0,Stud wall - 2in x 6in - 16in oc
FRM,6X6,deck,408.27,0,6in x 6in square wood post (3 BF per LF)
FRM,6X6,patio,531.99,0,6in x 6in square wood post (3 BF per LF)
FRM,DKRLC,deck,431.24,0,Deck guard rail - cedar
FRM,DKRLR,patio,2193.22,0,Deck guard rail - redwood
FRM,DKRLWP,deck,2730.57,0,Deck guard rail - wood polymer lumber
FRM,DKWP+,deck,1087.2,0,Deck planking - 2x6 wood polymer lumber (per BF)
FRM,DKWPSF+,deck,2396.75,0,Deck planking - 2x6 wood polymer lumber (per SF)
FRM,FRHT,deck,76.03,0,Framing hurricane tie
FRM,FRHT,patio,97.75,0,Framing hurricane tie
FRM,FRHT,structurelev,293.23,0,Framing hurricane tie
FRM,J10SF,structurelev,14430,0,Joist - floor or ceiling - 2x10 - w/blocking - 16in oc
FRM,J8SF,deck,718.64,0,Joist - floor or ceiling - 2x8 - w/blocking - 16in oc
FRM,LAB,structurelev,1172.44,0,Carpenter - General Framer - per hour
FRM,LAB,structurelev,3419.64,0,Carpenter - General Framer - per hour
FRM,SH1/2,deck,544.06,0,Sheathing - plywood - 1/2in CDX
FRM,SH1/2,patio,862.54,0,Sheathing - plywood - 1/2in CDX
FRM,SH1/2,structurelev,5486.36,0,Sheathing - plywood - 1/2in CDX
FRM,SH5/8,structurelev,11325.22,0,Sheathing - plywood - 5/8in CDX
FRM,SHW1/2,structurelev,4.22,0,Sheathing - OSB - 1/2in
FRM,SHW1/2,structurelev,1768.48,0,Sheathing - OSB - 1/2in
FRM,SHW3/4T,structurelev,9834,0,Sheathing - OSB - 3/4in - tongue and groove
FRM,TR10+,structurelev,18968.3,0,Truss - 10/12 slope - heavy loading
FRM,TR4,deck,881.28,0,Truss - 4/12 slope
FRM,TR4,patio,1470.34,0,Truss - 4/12 slope
HVC,AC>,structurelev,5644.2,0,Central air conditioning system - 4 ton - up to 13 SEER
HVC,BVENT+,bath,242.26,0,Bathroom ventilation fan - High grade
HVC,BVENT+,bath2,242.26,0,Bathroom ventilation fan - High grade
HVC,BVENT+,bath3,242.26,0,Bathroom ventilation fan - High grade
HVC,BVENT+,bath4,242.26,-1,Bathroom ventilation fan - High grade
HVC,BVENT+,bath5,242.26,-1,Bathroom ventilation fan - High grade
HVC,DCT>,structurelev,8692.04,0,Ductwork system - hot or cold air - 1600 to 2199 SF home
HVC,DCTFN3,bath,95.76,0,Ductwork - flexible - non-insulated - 3in round
HVC,DCTFN3,bath2,95.76,0,Ductwork - flexible - non-insulated - 3in round
HVC,DCTFN3,bath3,95.76,0,Ductwork - flexible - non-insulated - 3in round
HVC,DCTFN3,bath4,95.76,-1,Ductwork - flexible - non-insulated - 3in round
HVC,DCTFN3,bath5,95.76,-1,Ductwork - flexible - non-insulated - 3in round
HVC,DRNL,structurelev,98.14,0,Condensate drain line
HVC,DVENT,structurelev,101.74,0,Clothes dryer vent - installed
HVC,FRFAH>,structurelev,5274.98,0,Furnace - forced air - high efficiency - 100.000 BTU
HVC,TS+,structurelev,205.57,0,Thermostat - High grade
HVC,VENT5+,structurelev,728.14,0,Furnace vent - double wall. 5in
HVC,VENTCP5,structurelev,204.46,0,Furnace vent - rain cap and storm collar. 5in
INS,BI24,structurelev,11400,0,Blown-in insulation - 24in depth - R66
INS,BTF10,structurelev,9880.78,0,Batt insulation - 10in - R30 - paper / foil faced
INS,BTF10,structurelev,8850,0,Batt insulation - 10in - R30 - paper / foil faced
INS,HWRAP,patio,11.08,0,House wrap (air/moisture barrier)
INS,HWRAP,structurelev,820.6,0,House wrap (air/moisture barrier)
LIT,AV,nook,85.6,0,Light fixture
LIT,AV,nook2,85.6,-1,Light fixture
LIT,AV+,bedroom,131.4,0,Light fixture - High grade
LIT,AV+,bedroom2,131.4,0,Light fixture - High grade
LIT,AV+,bedroom3,131.4,0,Light fixture - High grade
LIT,AV+,bedroom4,131.4,0,Light fixture - High grade
LIT,AV+,bedroom5,131.4,-1,Light fixture - High grade
LIT,AV+,bedroom6,131.4,-1,Light fixture - High grade
LIT,AV+,bedroom7,131.4,-1,Light fixture - High grade
LIT,AV+,bedroom8,131.4,-1,Light fixture - High grade
LIT,AV+,diningroom,131.4,0,Light fixture - High grade
LIT,AV+,entryfoyer,131.4,0,Light fixture - High grade
LIT,AV+,familyroom,131.4,0,Light fixture - High grade
LIT,AV+,hallway,131.4,0,Light fixture - High grade
LIT,AV+,hallway2,131.4,0,Light fixture - High grade
LIT,AV+,hallway3,131.4,-1,Light fixture - High grade
LIT,AV+,hallway4,131.4,-1,Light fixture - High grade
LIT,AV+,laundryroom,131.4,0,Light fixture - High grade
LIT,AV+,laundryroom2,131.4,-1,Light fixture - High grade
LIT,AV+,livingroom,131.4,0,Light fixture - High grade
LIT,AV+,livingroom2,131.4,-1,Light fixture - High grade
LIT,AV+,livingroom3,131.4,-1,Light fixture - High grade
LIT,AV+,utilityroom,131.4,0,Light fixture - High grade
LIT,AV+,utilityroom2,131.4,-1,Light fixture - High grade
LIT,AV+,walkinclose2,131.4,0,Light fixture - High grade
LIT,AV+,walkincloset,131.4,0,Light fixture - High grade
LIT,BAR2+,bath2,176.79,0,Light bar - 2 lights - High grade
LIT,BAR3+,bath,199.36,0,Light bar - 3 lights - High grade
LIT,BAR3+,bath4,199.36,-1,Light bar - 3 lights - High grade
LIT,BAR3+,bath5,199.36,-1,Light bar - 3 lights - High grade
LIT,BAR4+,bath3,253.54,0,Light bar - 4 lights - High grade
LIT,CHAN>++,structurelev,2845.42,0,Chandelier - oversized - Premium grade
LIT,FL2-6+,structurelev,191.44,0,Fluorescent - two tube - 6' - fixture w/lens
LIT,FL4-4+,kitchen,182.28,0,Fluorescent - four tube - 4' - fixture w/lens
LIT,FN+,structurelev,1367.53,0,Ceiling fan without light - High grade
LIT,TRK,structurelev,56.48,0,Track lighting - track only
LIT,TRKCN+,structurelev,64.75,0,Fixture (can) for track lighting - High grade
LIT,X,deck,112.83,0,Exterior light fixture
LIT,X,patio,112.83,0,Exterior light fixture
LIT,X+,structurelev,450.55,0,Exterior light fixture - High grade
MAS,BRK+,structurelev,28054.57,0,Brick veneer - High grade
MAS,BRK++,patio,953.88,0,Brick veneer - Premium grade
MAS,STN+,structurelev,4609.44,0,Stone veneer - natural stone - High grade
MBL,WN,bath,7871.76,0,Wall veneer panels - natural marble
MBL,WN,bath3,12594.82,0,Wall veneer panels - natural marble
MBL,WN,bath4,7871.76,-1,Wall veneer panels - natural marble
MBL,WN,bath5,7871.76,-1,Wall veneer panels - natural marble
MSD,AV,bath,137.02,0,Mirror - 1/4in plate glass
MSD,AV,bath2,137.02,0,Mirror - 1/4in plate glass
MSD,AV,bath3,137.02,0,Mirror - 1/4in plate glass
MSD,AV,bath4,137.02,-1,Mirror - 1/4in plate glass
MSD,AV,bath5,137.02,-1,Mirror - 1/4in plate glass
MSD,SDOR+,bath3,985.57,0,Shower door - High grade
MSD,TUBDR+,bath,799.05,0,Bathtub enclosure - sliding glass doors - High grade
MSD,TUBDR+,bath4,799.05,-1,Bathtub enclosure - sliding glass doors - High grade
MSD,TUBDR+,bath5,799.05,-1,Bathtub enclosure - sliding glass doors - High grade
PLM,BP1,structurelev,2126.31,0,Black pipe with fitting and hanger. 1in
PLM,DW,kitchen,189.94,0,Dishwasher connection
PLM,FAU+,structurelev,517.17,0,Sink faucet - Kitchen - High grade
PLM,FAU++,kitchen,704.37,0,Sink faucet - Kitchen - Premium grade
PLM,FAU++,kitchen,704.37,0,Sink faucet - Kitchen - Premium grade
PLM,FAUB,structurelev,2903.86,0,Sink faucet - Brass
PLM,FAUBA+,bath,379.17,0,Sink faucet - Bathroom - High grade
PLM,FAUBA+,bath2,379.17,0,Sink faucet - Bathroom - High grade
PLM,FAUBA+,bath3,379.17,0,Sink faucet - Bathroom - High grade
PLM,FAUBA+,bath4,379.17,-1,Sink faucet - Bathroom - High grade
PLM,FAUBA+,bath5,379.17,-1,Sink faucet - Bathroom - High grade
PLM,FT1/2C4,structurelev,126.74,0,Flexible gas supply line connector - 1/2in - 25in to 48in
PLM,JT+,bath3,4692.45,0,Jetted tub - Acrylic - High grade
PLM,JTFAU+,bath3,487.67,0,Jetted tub faucet - High grade
PLM,LTUB+,structurelev,589.79,0,Laundry tub - High grade
PLM,RGHFIX,bath,669.21,0,Rough-in plumbing - per fixture
PLM,RGHFIX,bath,669.21,0,Rough-in plumbing - per fixture
PLM,RGHFIX,bath,223.07,0,Rough-in plumbing - per fixture
PLM,RGHFIX,bath,223.07,0,Rough-in plumbing - per fixture
PLM,RGHFIX,bath,1338.4,0,Rough-in plumbing - per fixture
PLM,RGHFIX,bath,446.14,0,Rough-in plumbing - per fixture
PLM,RGHFIX,bath2,669.21,0,Rough-in plumbing - per fixture
PLM,RGHFIX,bath2,223.07,0,Rough-in plumbing - per fixture
PLM,RGHFIX,bath2,669.21,0,Rough-in plumbing - per fixture
PLM,RGHFIX,bath2,223.07,0,Rough-in plumbing - per fixture
PLM,RGHFIX,bath3,669.21,0,Rough-in plumbing - per fixture
PLM,RGHFIX,bath3,669.21,0,Rough-in plumbing - per fixture
PLM,RGHFIX,bath3,223.07,0,Rough-in plumbing - per fixture
PLM,RGHFIX,bath3,223.07,0,Rough-in plumbing - per fixture
PLM,RGHFIX,bath3,669.21,0,Rough-in plumbing - per fixture
PLM,RGHFIX,bath3,223.07,0,Rough-in plumbing - per fixture
PLM,RGHFIX,bath3,1338.4,0,Rough-in plumbing - per fixture
PLM,RGHFIX,bath3,446.14,0,Rough-in plumbing - per fixture
PLM,RGHFIX,bath4,669.21,-1,Rough-in plumbing - per fixture
PLM,RGHFIX,bath4,669.21,-1,Rough-in plumbing - per fixture
PLM,RGHFIX,bath4,223.07,-1,Rough-in plumbing - per fixture
PLM,RGHFIX,bath4,223.07,-1,Rough-in plumbing - per fixture
PLM,RGHFIX,bath4,1338.4,-1,Rough-in plumbing - per fixture
PLM,RGHFIX,bath4,446.14,-1,Rough-in plumbing - per fixture
PLM,RGHFIX,bath5,669.21,-1,Rough-in plumbing - per fixture
PLM,RGHFIX,bath5,669.21,-1,Rough-in plumbing - per fixture
PLM,RGHFIX,bath5,223.07,-1,Rough-in plumbing - per fixture
PLM,RGHFIX,bath5,223.07,-1,Rough-in plumbing - per fixture
PLM,RGHFIX,bath5,1338.4,-1,Rough-in plumbing - per fixture
PLM,RGHFIX,bath5,446.14,-1,Rough-in plumbing - per fixture
PLM,RGHFIX,kitchen,892.28,0,Rough-in plumbing - per fixture
PLM,RGHFIX,kitchen,892.28,0,Rough-in plumbing - per fixture
PLM,RGHFIX,laundryroom,892.28,0,Rough-in plumbing - per fixture
PLM,RGHFIX,laundryroom2,892.28,-1,Rough-in plumbing - per fixture
PLM,RGHFIX,structurelev,1784.54,0,Rough-in plumbing - per fixture
PLM,RGHFIX,structurelev,892.28,0,Rough-in plumbing - per fixture
PLM,SNK+,bath,1067.3,0,Sink - single - High grade
PLM,SNK+,bath2,533.65,0,Sink - single - High grade
PLM,SNK+,bath3,1067.3,0,Sink - single - High grade
PLM,SNK+,bath4,1067.3,-1,Sink - single - High grade
PLM,SNK+,bath5,1067.3,-1,Sink - single - High grade
PLM,SNKD++,kitchen,974.74,0,Sink - double basin - Premium grade
PLM,SNKD++,kitchen,974.74,0,Sink - double basin - Premium grade
PLM,SWRPAN>,bath3,315.16,0,Shower pan - Large
PLM,TLT+,bath,931.92,0,Toilet - High grade
PLM,TLT+,bath2,931.92,0,Toilet - High grade
PLM,TLT+,bath3,931.92,0,Toilet - High grade
PLM,TLT+,bath4,931.92,-1,Toilet - High grade
PLM,TLT+,bath5,931.92,-1,Toilet - High grade
PLM,TLTS+,bath,99.26,0,Toilet seat - High grade
PLM,TLTS+,bath2,99.26,0,Toilet seat - High grade
PLM,TLTS+,bath3,99.26,0,Toilet seat - High grade
PLM,TLTS+,bath4,99.26,-1,Toilet seat - High grade
PLM,TLTS+,bath5,99.26,-1,Toilet seat - High grade
PLM,TSFAU+,bath,531.38,0,Tub/shower faucet - High grade
PLM,TSFAU+,bath4,531.38,-1,Tub/shower faucet - High grade
PLM,TSFAU+,bath5,531.38,-1,Tub/shower faucet - High grade
PLM,TUB+,bath,1450.03,0,Bathtub - High grade
PLM,TUB+,bath4,1450.03,-1,Bathtub - High grade
PLM,TUB+,bath5,1450.03,-1,Bathtub - High grade
PLM,WBOX,laundryroom,295.58,0,Washing machine outlet box with valves
PLM,WBOX,laundryroom2,295.58,-1,Washing machine outlet box with valves
PLM,WH50,structurelev,3672.8,0,Water heater - 50 gallon - Gas - 6 yr
PLM,WS>,structurelev,1769.07,0,Water softener - electronically metered - Large
PLM,WSBOX,kitchen,184.12,0,Refrigerator/icemaker water supply box with valve
PLM,XFAU,structurelev,337.06,0,Exterior faucet / hose bibb
PNL,AV,bath,116.5,0,Paneling
PNL,AV,bath2,89.85,0,Paneling
PNL,AV,bath3,161.41,0,Paneling
PNL,AV,bath4,116.5,-1,Paneling
PNL,AV,bath5,116.5,-1,Paneling
PNL,AV,bedroom,179.68,0,Paneling
PNL,AV,bedroom2,233.75,0,Paneling
PNL,AV,bedroom3,233.75,0,Paneling
PNL,AV,bedroom4,269.53,0,Paneling
PNL,AV,bedroom5,233.75,-1,Paneling
PNL,AV,bedroom6,269.53,-1,Paneling
PNL,AV,bedroom7,269.53,-1,Paneling
PNL,AV,bedroom8,269.53,-1,Paneling
PNL,AV,diningroom,269.53,0,Paneling
PNL,AV,entryfoyer,179.68,0,Paneling
PNL,AV,familyroom,269.53,0,Paneling
PNL,AV,hallway,170.55,0,Paneling
PNL,AV,hallway2,188.84,0,Paneling
PNL,AV,hallway3,170.55,-1,Paneling
PNL,AV,hallway4,188.84,-1,Paneling
PNL,AV,kitchen,233.75,0,Paneling
PNL,AV,laundryroom,161.41,0,Paneling
PNL,AV,laundryroom2,161.41,-1,Paneling
PNL,AV,livingroom,305.31,0,Paneling
PNL,AV,livingroom2,269.53,-1,Paneling
PNL,AV,livingroom3,305.31,-1,Paneling
PNL,AV,nook,179.68,0,Paneling
PNL,AV,nook2,179.68,-1,Paneling
PNL,AV,utilityroom,197.97,0,Paneling
PNL,AV,utilityroom2,197.97,-1,Paneling
PNL,AV,walkinclose2,197.97,0,Paneling
PNL,AV,walkincloset,197.97,0,Paneling
PNT,BF,bedroom,200.32,0,Paint bifold door set - slab only - 2 coats (per side)
PNT,BF,bedroom2,200.32,0,Paint bifold door set - slab only - 2 coats (per side)
PNT,BF,bedroom3,200.32,0,Paint bifold door set - slab only - 2 coats (per side)
PNT,BF,bedroom4,200.32,0,Paint bifold door set - slab only - 2 coats (per side)
PNT,BF,bedroom5,200.32,-1,Paint bifold door set - slab only - 2 coats (per side)
PNT,BF,bedroom6,200.32,-1,Paint bifold door set - slab only - 2 coats (per side)
PNT,BF,bedroom7,200.32,-1,Paint bifold door set - slab only - 2 coats (per side)
PNT,BF,bedroom8,200.32,-1,Paint bifold door set - slab only - 2 coats (per side)
PNT,BK,structurelev,395.11,0,Seal & paint bookcase
PNT,BS,bath,80.49,0,Stain & finish baseboard
PNT,BS,bath2,62.07,0,Stain & finish baseboard
PNT,BS,bath3,111.5,0,Stain & finish baseboard
PNT,BS,bath4,80.49,-1,Stain & finish baseboard
PNT,BS,bath5,80.49,-1,Stain & finish baseboard
PNT,BS,bedroom,124.12,0,Stain & finish baseboard
PNT,BS,bedroom2,161.5,0,Stain & finish baseboard
PNT,BS,bedroom3,161.5,0,Stain & finish baseboard
PNT,BS,bedroom4,186.21,0,Stain & finish baseboard
PNT,BS,bedroom5,161.5,-1,Stain & finish baseboard
PNT,BS,bedroom6,186.21,-1,Stain & finish baseboard
PNT,BS,bedroom7,186.21,-1,Stain & finish baseboard
PNT,BS,bedroom8,186.21,-1,Stain & finish baseboard
PNT,BS,diningroom,186.21,0,Stain & finish baseboard
PNT,BS,entryfoyer,124.12,0,Stain & finish baseboard
PNT,BS,familyroom,186.21,0,Stain & finish baseboard
PNT,BS,hallway,117.82,0,Stain & finish baseboard
PNT,BS,hallway2,130.44,0,Stain & finish baseboard
PNT,BS,hallway3,117.82,-1,Stain & finish baseboard
PNT,BS,hallway4,130.44,-1,Stain & finish baseboard
PNT,BS,kitchen,161.5,0,Stain & finish baseboard
PNT,BS,laundryroom,111.5,0,Stain & finish baseboard
PNT,BS,laundryroom2,111.5,-1,Stain & finish baseboard
PNT,BS,livingroom,210.92,0,Stain & finish baseboard
PNT,BS,livingroom2,186.21,-1,Stain & finish baseboard
PNT,BS,livingroom3,210.92,-1,Stain & finish baseboard
PNT,BS,nook,124.12,0,Stain & finish baseboard
PNT,BS,nook2,124.12,-1,Stain & finish baseboard
PNT,BS,utilityroom,136.76,0,Stain & finish baseboard
PNT,BS,utilityroom2,136.76,-1,Stain & finish baseboard
PNT,BS,walkinclose2,136.76,0,Stain & finish baseboard
PNT,BS,walkincloset,136.76,0,Stain & finish baseboard
PNT,CHRS,kitchen,161.5,0,Stain & finish chair rail
PNT,CWN>,bedroom,86.37,0,Paint crown moulding. oversized - one coat
PNT,CWN>,bedroom2,112.36,0,Paint crown moulding. oversized - one coat
PNT,CWN>,bedroom3,112.36,0,Paint crown moulding. oversized - one coat
PNT,CWN>,bedroom4,129.57,0,Paint crown moulding. oversized - one coat
PNT,CWN>,bedroom5,112.36,-1,Paint crown moulding. oversized - one coat
PNT,CWN>,bedroom6,129.57,-1,Paint crown moulding. oversized - one coat
PNT,CWN>,bedroom7,129.57,-1,Paint crown moulding. oversized - one coat
PNT,CWN>,bedroom8,129.57,-1,Paint crown moulding. oversized - one coat
PNT,CWN>,diningroom,129.57,0,Paint crown moulding. oversized - one coat
PNT,CWN>,entryfoyer,86.37,0,Paint crown moulding. oversized - one coat
PNT,CWN>,familyroom,129.57,0,Paint crown moulding. oversized - one coat
PNT,CWN>,hallway,81.97,0,Paint crown moulding. oversized - one coat
PNT,CWN>,hallway2,90.75,0,Paint crown moulding. oversized - one coat
PNT,CWN>,hallway3,81.97,-1,Paint crown moulding. oversized - one coat
PNT,CWN>,hallway4,90.75,-1,Paint crown moulding. oversized - one coat
PNT,CWN>,livingroom,146.76,0,Paint crown moulding. oversized - one coat
PNT,CWN>,livingroom2,129.57,-1,Paint crown moulding. oversized - one coat
PNT,CWN>,livingroom3,146.76,-1,Paint crown moulding. oversized - one coat
PNT,CWN>,nook,86.37,0,Paint crown moulding. oversized - one coat
PNT,CWN>,nook2,86.37,-1,Paint crown moulding. oversized - one coat
PNT,DKRL,patio,447.97,0,Stain/finish deck handrail
PNT,DOR,bath,151.76,0,Paint door slab only - 2 coats (per side)
PNT,DOR,bath2,151.76,0,Paint door slab only - 2 coats (per side)
PNT,DOR,bath3,151.76,0,Paint door slab only - 2 coats (per side)
PNT,DOR,bath4,151.76,-1,Paint door slab only - 2 coats (per side)
PNT,DOR,bath5,151.76,-1,Paint door slab only - 2 coats (per side)
PNT,DOR,bedroom,151.76,0,Paint door slab only - 2 coats (per side)
PNT,DOR,bedroom2,151.76,0,Paint door slab only - 2 coats (per side)
PNT,DOR,bedroom3,151.76,0,Paint door slab only - 2 coats (per side)
PNT,DOR,bedroom4,151.76,0,Paint door slab only - 2 coats (per side)
PNT,DOR,bedroom5,151.76,-1,Paint door slab only - 2 coats (per side)
PNT,DOR,bedroom6,151.76,-1,Paint door slab only - 2 coats (per side)
PNT,DOR,bedroom7,151.76,-1,Paint door slab only - 2 coats (per side)
PNT,DOR,bedroom8,151.76,-1,Paint door slab only - 2 coats (per side)
PNT,DOR,laundryroom,151.76,0,Paint door slab only - 2 coats (per side)
PNT,DOR,laundryroom2,151.76,-1,Paint door slab only - 2 coats (per side)
PNT,DOR,structurelev,151.76,0,Paint door slab only - 2 coats (per side)
PNT,DOR,structurelev,303.5,0,Paint door slab only - 2 coats (per side)
PNT,DOR,utilityroom,151.76,0,Paint door slab only - 2 coats (per side)
PNT,DOR,utilityroom2,151.76,-1,Paint door slab only - 2 coats (per side)
PNT,DOR,walkinclose2,151.76,0,Paint door slab only - 2 coats (per side)
PNT,DOR,walkincloset,151.76,0,Paint door slab only - 2 coats (per side)
PNT,DORT,bath,127.8,0,Paint door/window trim & jamb - 2 coats (per side)
PNT,DORT,bath2,127.8,0,Paint door/window trim & jamb - 2 coats (per side)
PNT,DORT,bath3,127.8,0,Paint door/window trim & jamb - 2 coats (per side)
PNT,DORT,bath4,127.8,-1,Paint door/window trim & jamb - 2 coats (per side)
PNT,DORT,bath5,127.8,-1,Paint door/window trim & jamb - 2 coats (per side)
PNT,DORT,bedroom,127.8,0,Paint door/window trim & jamb - 2 coats (per side)
PNT,DORT,bedroom2,127.8,0,Paint door/window trim & jamb - 2 coats (per side)
PNT,DORT,bedroom3,127.8,0,Paint door/window trim & jamb - 2 coats (per side)
PNT,DORT,bedroom4,127.8,0,Paint door/window trim & jamb - 2 coats (per side)
PNT,DORT,bedroom5,127.8,-1,Paint door/window trim & jamb - 2 coats (per side)
PNT,DORT,bedroom6,127.8,-1,Paint door/window trim & jamb - 2 coats (per side)
PNT,DORT,bedroom7,127.8,-1,Paint door/window trim & jamb - 2 coats (per side)
PNT,DORT,bedroom8,127.8,-1,Paint door/window trim & jamb - 2 coats (per side)
PNT,DORT,laundryroom,127.8,0,Paint door/window trim & jamb - 2 coats (per side)
PNT,DORT,laundryroom2,127.8,-1,Paint door/window trim & jamb - 2 coats (per side)
PNT,DORT,structurelev,127.8,0,Paint door/window trim & jamb - 2 coats (per side)
PNT,DORT,structurelev,255.6,0,Paint door/window trim & jamb - 2 coats (per side)
PNT,DORT,utilityroom,127.8,0,Paint door/window trim & jamb - 2 coats (per side)
PNT,DORT,utilityroom2,127.8,-1,Paint door/window trim & jamb - 2 coats (per side)
PNT,DORT,walkinclose2,127.8,0,Paint door/window trim & jamb - 2 coats (per side)
PNT,DORT,walkincloset,127.8,0,Paint door/window trim & jamb - 2 coats (per side)
PNT,HRS,structurelev,127.8,0,Stain & finish handrail - wall mounted
PNT,MNTLS,structurelev,98.36,0,Stain & finish wood fireplace mantel
PNT,P,bath,52.22,0,Paint the surface area - one coat
PNT,P,bath2,32.77,0,Paint the surface area - one coat
PNT,P,bath3,104.44,0,Paint the surface area - one coat
PNT,P,bath4,52.22,-1,Paint the surface area - one coat
PNT,P,bath5,52.22,-1,Paint the surface area - one coat
PNT,P,bedroom,185.4,0,Paint the surface area - one coat
PNT,P,bedroom2,311.98,0,Paint the surface area - one coat
PNT,P,bedroom3,311.98,0,Paint the surface area - one coat
PNT,P,bedroom4,415.23,0,Paint the surface area - one coat
PNT,P,bedroom5,220.64,-1,Paint the surface area - one coat
PNT,P,bedroom6,293.65,-1,Paint the surface area - one coat
PNT,P,bedroom7,293.65,-1,Paint the surface area - one coat
PNT,P,bedroom8,293.65,-1,Paint the surface area - one coat
PNT,P,diningroom,400.83,0,Paint the surface area - one coat
PNT,P,entryfoyer,185.4,0,Paint the surface area - one coat
PNT,P,familyroom,400.83,0,Paint the surface area - one coat
PNT,P,hallway,78.34,0,Paint the surface area - one coat
PNT,P,hallway2,118.34,0,Paint the surface area - one coat
PNT,P,hallway3,78.34,-1,Paint the surface area - one coat
PNT,P,hallway4,118.34,-1,Paint the surface area - one coat
PNT,P,kitchen,216.68,0,Paint the surface area - one coat
PNT,P,laundryroom,104.44,0,Paint the surface area - one coat
PNT,P,laundryroom2,104.44,-1,Paint the surface area - one coat
PNT,P,livingroom,518.5,0,Paint the surface area - one coat
PNT,P,livingroom2,283.48,-1,Paint the surface area - one coat
PNT,P,livingroom3,366.69,-1,Paint the surface area - one coat
PNT,P,nook,185.4,0,Paint the surface area - one coat
PNT,P,nook2,131.12,-1,Paint the surface area - one coat
PNT,P,utilityroom,157.79,0,Paint the surface area - one coat
PNT,P,utilityroom2,157.79,-1,Paint the surface area - one coat
PNT,P,walkinclose2,157.79,0,Paint the surface area - one coat
PNT,P,walkincloset,157.79,0,Paint the surface area - one coat
PNT,S,bath,117.87,0,Seal the surface area w/latex based stain blocker - one coat
PNT,S,bath,49.45,0,Seal the surface area w/latex based stain blocker - one coat
PNT,S,bath2,90.92,0,Seal the surface area w/latex based stain blocker - one coat
PNT,S,bath2,31.04,0,Seal the surface area w/latex based stain blocker - one coat
PNT,S,bath3,163.32,0,Seal the surface area w/latex based stain blocker - one coat
PNT,S,bath3,98.9,0,Seal the surface area w/latex based stain blocker - one coat
PNT,S,bath4,117.87,-1,Seal the surface area w/latex based stain blocker - one coat
PNT,S,bath4,49.45,-1,Seal the surface area w/latex based stain blocker - one coat
PNT,S,bath5,117.87,-1,Seal the surface area w/latex based stain blocker - one coat
PNT,S,bath5,49.45,-1,Seal the surface area w/latex based stain blocker - one coat
PNT,S,bedroom,181.81,0,Seal the surface area w/latex based stain blocker - one coat
PNT,S,bedroom,175.56,0,Seal the surface area w/latex based stain blocker - one coat
PNT,S,bedroom2,236.51,0,Seal the surface area w/latex based stain blocker - one coat
PNT,S,bedroom2,295.41,0,Seal the surface area w/latex based stain blocker - one coat
PNT,S,bedroom3,236.51,0,Seal the surface area w/latex based stain blocker - one coat
PNT,S,bedroom3,295.41,0,Seal the surface area w/latex based stain blocker - one coat
PNT,S,bedroom4,272.73,0,Seal the surface area w/latex based stain blocker - one coat
PNT,S,bedroom4,393.2,0,Seal the surface area w/latex based stain blocker - one coat
PNT,S,bedroom5,236.51,-1,Seal the surface area w/latex based stain blocker - one coat
PNT,S,bedroom5,208.92,-1,Seal the surface area w/latex based stain blocker - one coat
PNT,S,bedroom6,272.73,-1,Seal the surface area w/latex based stain blocker - one coat
PNT,S,bedroom6,278.06,-1,Seal the surface area w/latex based stain blocker - one coat
PNT,S,bedroom7,272.73,-1,Seal the surface area w/latex based stain blocker - one coat
PNT,S,bedroom7,278.06,-1,Seal the surface area w/latex based stain blocker - one coat
PNT,S,bedroom8,272.73,-1,Seal the surface area w/latex based stain blocker - one coat
PNT,S,bedroom8,278.06,-1,Seal the surface area w/latex based stain blocker - one coat
PNT,S,diningroom,272.73,0,Seal the surface area w/latex based stain blocker - one coat
PNT,S,diningroom,379.55,0,Seal the surface area w/latex based stain blocker - one coat
PNT,S,entryfoyer,181.81,0,Seal the surface area w/latex based stain blocker - one coat
PNT,S,entryfoyer,175.56,0,Seal the surface area w/latex based stain blocker - one coat
PNT,S,familyroom,272.73,0,Seal the surface area w/latex based stain blocker - one coat
PNT,S,familyroom,379.55,0,Seal the surface area w/latex based stain blocker - one coat
PNT,S,hallway,172.57,0,Seal the surface area w/latex based stain blocker - one coat
PNT,S,hallway,74.17,0,Seal the surface area w/latex based stain blocker - one coat
PNT,S,hallway2,191.06,0,Seal the surface area w/latex based stain blocker - one coat
PNT,S,hallway2,112.06,0,Seal the surface area w/latex based stain blocker - one coat
PNT,S,hallway3,172.57,-1,Seal the surface area w/latex based stain blocker - one coat
PNT,S,hallway3,74.17,-1,Seal the surface area w/latex based stain blocker - one coat
PNT,S,hallway4,191.06,-1,Seal the surface area w/latex based stain blocker - one coat
PNT,S,hallway4,112.06,-1,Seal the surface area w/latex based stain blocker - one coat
PNT,S,kitchen,236.51,0,Seal the surface area w/latex based stain blocker - one coat
PNT,S,kitchen,205.18,0,Seal the surface area w/latex based stain blocker - one coat
PNT,S,laundryroom,163.32,0,Seal the surface area w/latex based stain blocker - one coat
PNT,S,laundryroom,98.9,0,Seal the surface area w/latex based stain blocker - one coat
PNT,S,laundryroom2,163.32,-1,Seal the surface area w/latex based stain blocker - one coat
PNT,S,laundryroom2,98.9,-1,Seal the surface area w/latex based stain blocker - one coat
PNT,S,livingroom,308.92,0,Seal the surface area w/latex based stain blocker - one coat
PNT,S,livingroom,490.96,0,Seal the surface area w/latex based stain blocker - one coat
PNT,S,livingroom2,272.73,-1,Seal the surface area w/latex based stain blocker - one coat
PNT,S,livingroom2,268.43,-1,Seal the surface area w/latex based stain blocker - one coat
PNT,S,livingroom3,308.92,-1,Seal the surface area w/latex based stain blocker - one coat
PNT,S,livingroom3,347.23,-1,Seal the surface area w/latex based stain blocker - one coat
PNT,S,nook,181.81,0,Seal the surface area w/latex based stain blocker - one coat
PNT,S,nook,175.56,0,Seal the surface area w/latex based stain blocker - one coat
PNT,S,nook2,181.81,-1,Seal the surface area w/latex based stain blocker - one coat
PNT,S,nook2,124.16,-1,Seal the surface area w/latex based stain blocker - one coat
PNT,S,utilityroom,200.3,0,Seal the surface area w/latex based stain blocker - one coat
PNT,S,utilityroom,149.41,0,Seal the surface area w/latex based stain blocker - one coat
PNT,S,utilityroom2,200.3,-1,Seal the surface area w/latex based stain blocker - one coat
PNT,S,utilityroom2,149.41,-1,Seal the surface area w/latex based stain blocker - one coat
PNT,S,walkinclose2,200.3,0,Seal the surface area w/latex based stain blocker - one coat
PNT,S,walkinclose2,149.41,0,Seal the surface area w/latex based stain blocker - one coat
PNT,S,walkincloset,200.3,0,Seal the surface area w/latex based stain blocker - one coat
PNT,S,walkincloset,149.41,0,Seal the surface area w/latex based stain blocker - one coat
PNT,SHW,bath,139.51,0,Seal & paint wood shelving. 12in- 24in width
PNT,SHW,bath2,139.51,0,Seal & paint wood shelving. 12in- 24in width
PNT,SHW,bath3,139.51,0,Seal & paint wood shelving. 12in- 24in width
PNT,SHW,bath4,139.51,-1,Seal & paint wood shelving. 12in- 24in width
PNT,SHW,bath5,139.51,-1,Seal & paint wood shelving. 12in- 24in width
PNT,SHW,bedroom,111.6,0,Seal & paint wood shelving. 12in- 24in width
PNT,SHW,bedroom2,111.6,0,Seal & paint wood shelving. 12in- 24in width
PNT,SHW,bedroom3,111.6,0,Seal & paint wood shelving. 12in- 24in width
PNT,SHW,bedroom4,111.6,0,Seal & paint wood shelving. 12in- 24in width
PNT,SHW,bedroom5,111.6,-1,Seal & paint wood shelving. 12in- 24in width
PNT,SHW,bedroom6,111.6,-1,Seal & paint wood shelving. 12in- 24in width
PNT,SHW,bedroom7,111.6,-1,Seal & paint wood shelving. 12in- 24in width
PNT,SHW,bedroom8,111.6,-1,Seal & paint wood shelving. 12in- 24in width
PNT,SHW,structurelev,232.51,0,Seal & paint wood shelving. 12in- 24in width
PNT,SHW,structurelev,93,0,Seal & paint wood shelving. 12in- 24in width
PNT,SHW,utilityroom,483.6,0,Seal & paint wood shelving. 12in- 24in width
PNT,SHW,utilityroom2,483.6,-1,Seal & paint wood shelving. 12in- 24in width
PNT,SHW,walkinclose2,483.6,0,Seal & paint wood shelving. 12in- 24in width
PNT,SHW,walkincloset,483.6,0,Seal & paint wood shelving. 12in- 24in width
PNT,SILLS,structurelev,1038.36,0,Stain & finish wood window sill
PNT,SP,bath,223.08,0,Seal/prime (1 coat) then paint (1 coat) the surface area
PNT,SP,bath2,172.05,0,Seal/prime (1 coat) then paint (1 coat) the surface area
PNT,SP,bath3,309.1,0,Seal/prime (1 coat) then paint (1 coat) the surface area
PNT,SP,bath4,223.08,-1,Seal/prime (1 coat) then paint (1 coat) the surface area
PNT,SP,bath5,223.08,-1,Seal/prime (1 coat) then paint (1 coat) the surface area
PNT,SP,bedroom,344.08,0,Seal/prime (1 coat) then paint (1 coat) the surface area
PNT,SP,bedroom2,447.61,0,Seal/prime (1 coat) then paint (1 coat) the surface area
PNT,SP,bedroom3,447.61,0,Seal/prime (1 coat) then paint (1 coat) the surface area
PNT,SP,bedroom4,516.13,0,Seal/prime (1 coat) then paint (1 coat) the surface area
PNT,SP,bedroom5,447.61,-1,Seal/prime (1 coat) then paint (1 coat) the surface area
PNT,SP,bedroom6,516.13,-1,Seal/prime (1 coat) then paint (1 coat) the surface area
PNT,SP,bedroom7,516.13,-1,Seal/prime (1 coat) then paint (1 coat) the surface area
PNT,SP,bedroom8,516.13,-1,Seal/prime (1 coat) then paint (1 coat) the surface area
PNT,SP,diningroom,516.13,0,Seal/prime (1 coat) then paint (1 coat) the surface area
PNT,SP,entryfoyer,344.08,0,Seal/prime (1 coat) then paint (1 coat) the surface area
PNT,SP,familyroom,516.13,0,Seal/prime (1 coat) then paint (1 coat) the surface area
PNT,SP,hallway,326.6,0,Seal/prime (1 coat) then paint (1 coat) the surface area
PNT,SP,hallway2,361.58,0,Seal/prime (1 coat) then paint (1 coat) the surface area
PNT,SP,hallway3,326.6,-1,Seal/prime (1 coat) then paint (1 coat) the surface area
PNT,SP,hallway4,361.58,-1,Seal/prime (1 coat) then paint (1 coat) the surface area
PNT,SP,kitchen,447.61,0,Seal/prime (1 coat) then paint (1 coat) the surface area
PNT,SP,laundryroom,309.1,0,Seal/prime (1 coat) then paint (1 coat) the surface area
PNT,SP,laundryroom2,309.1,-1,Seal/prime (1 coat) then paint (1 coat) the surface area
PNT,SP,livingroom,584.66,0,Seal/prime (1 coat) then paint (1 coat) the surface area
PNT,SP,livingroom2,516.13,-1,Seal/prime (1 coat) then paint (1 coat) the surface area
PNT,SP,livingroom3,584.66,-1,Seal/prime (1 coat) then paint (1 coat) the surface area
PNT,SP,nook,344.08,0,Seal/prime (1 coat) then paint (1 coat) the surface area
PNT,SP,nook2,344.08,-1,Seal/prime (1 coat) then paint (1 coat) the surface area
PNT,SP,structurelev,237.16,0,Seal/prime (1 coat) then paint (1 coat) the surface area
PNT,SP,structurelev,474.34,0,Seal/prime (1 coat) then paint (1 coat) the surface area
PNT,SP,utilityroom,379.08,0,Seal/prime (1 coat) then paint (1 coat) the surface area
PNT,SP,utilityroom2,379.08,-1,Seal/prime (1 coat) then paint (1 coat) the surface area
PNT,SP,walkinclose2,379.08,0,Seal/prime (1 coat) then paint (1 coat) the surface area
PNT,SP,walkincloset,379.08,0,Seal/prime (1 coat) then paint (1 coat) the surface area
RFG,500-,deck,1374.98,0,Laminated - Premium grd - comp. shingle rfg. - w/ felt
RFG,500-,patio,1833.32,0,Laminated - Premium grd - comp. shingle rfg. - w/ felt
RFG,500-,structurelev,16958.14,0,Laminated - Premium grd - comp. shingle rfg. - w/ felt
RFG,DRIP,structurelev,863.28,0,Drip edge
RFG,FELT15,patio,30.31,0,Roofing felt - 15 lb.
RFG,FELT15,structurelev,424.28,0,Roofing felt - 15 lb.
RFG,STEEP>,structurelev,3800.17,0,Additional charge for steep roof - 10/12 - 12/12 slope
RFG,VENTT,structurelev,396.2,0,Roof vent - turtle type - Metal
RFG,VMTL,structurelev,1356.04,0,Valley metal
SDG,VENTG,structurelev,1088.56,0,Attic vent - gable end - vinyl
SFG,GUTA,structurelev,1616.35,0,Eavestrough/downspout - aluminum - up to 5in
SFG,MTL2,structurelev,5754.68,0,Soffit & fascia - metal - 2' overhang
SFG,SFTM,deck,1033.92,0,Soffit - metal
SFG,SFTM,patio,1741.19,0,Soffit - metal
STR,3>,structurelev,2197.64,0,Stairway - 3' 6inwide (8' rise plus joist)
STR,AVT,deck,705.94,0,Stairway - treated stringers and treads (per tread)
STU,AV,patio,719.25,0,Metal lath & stucco
STU,AV,structurelev,22812.93,0,Metal lath & stucco
STU,TRIM,structurelev,4215.62,0,Synthetic stucco - additional charge for raised trim
TIL,BMUD,bath,891.36,0,Mortar bed for tile
TIL,BMUD,bath3,1426.18,0,Mortar bed for tile
TIL,BMUD,bath4,891.36,-1,Mortar bed for tile
TIL,BMUD,bath5,891.36,-1,Mortar bed for tile
WDA,SPAL,structurelev,2917.44,0,Specialty aluminum window unit
WDP,6V+,structurelev,1958.27,0,6-0 6-8 vinyl sliding patio door - High grade
WDV,HS+,structurelev,23720.72,0,Vinyl window. horizontal sliding. 12-23 sf - High grade
WPR,AV-,bath,364.64,0,Wallpaper - Standard grade
WPR,AV-,bath2,281.23,0,Wallpaper - Standard grade
WPR,AV-,bath3,505.23,0,Wallpaper - Standard grade
WPR,AV-,bath4,364.64,-1,Wallpaper - Standard grade
WPR,AV-,bath5,364.64,-1,Wallpaper - Standard grade
WPR,AV-,bedroom,562.44,0,Wallpaper - Standard grade
WPR,AV-,bedroom2,731.64,0,Wallpaper - Standard grade
WPR,AV-,bedroom3,731.64,0,Wallpaper - Standard grade
WPR,AV-,bedroom4,843.64,0,Wallpaper - Standard grade
WPR,AV-,bedroom5,731.64,-1,Wallpaper - Standard grade
WPR,AV-,bedroom6,843.64,-1,Wallpaper - Standard grade
WPR,AV-,bedroom7,843.64,-1,Wallpaper - Standard grade
WPR,AV-,bedroom8,843.64,-1,Wallpaper - Standard grade
WPR,AV-,diningroom,843.64,0,Wallpaper - Standard grade
WPR,AV-,entryfoyer,562.44,0,Wallpaper - Standard grade
WPR,AV-,familyroom,843.64,0,Wallpaper - Standard grade
WPR,AV-,hallway,533.84,0,Wallpaper - Standard grade
WPR,AV-,hallway2,591.03,0,Wallpaper - Standard grade
WPR,AV-,hallway3,533.84,-1,Wallpaper - Standard grade
WPR,AV-,hallway4,591.03,-1,Wallpaper - Standard grade
WPR,AV-,kitchen,731.64,0,Wallpaper - Standard grade
WPR,AV-,laundryroom,505.23,0,Wallpaper - Standard grade
WPR,AV-,laundryroom2,505.23,-1,Wallpaper - Standard grade
WPR,AV-,livingroom,955.67,0,Wallpaper - Standard grade
WPR,AV-,livingroom2,843.64,-1,Wallpaper - Standard grade
WPR,AV-,livingroom3,955.67,-1,Wallpaper - Standard grade
WPR,AV-,nook,562.44,0,Wallpaper - Standard grade
WPR,AV-,nook2,562.44,-1,Wallpaper - Standard grade
WPR,AV-,utilityroom,619.64,0,Wallpaper - Standard grade
WPR,AV-,utilityroom2,619.64,-1,Wallpaper - Standard grade
WPR,AV-,walkinclose2,619.64,0,Wallpaper - Standard grade
WPR,AV-,walkincloset,619.64,0,Wallpaper - Standard grade
WPR,BORDR-,bath,47.01,0,Wallpaper border - Standard grade
WPR,BORDR-,bath2,36.26,0,Wallpaper border - Standard grade
WPR,BORDR-,bath3,65.12,0,Wallpaper border - Standard grade
WPR,BORDR-,bath4,47.01,-1,Wallpaper border - Standard grade
WPR,BORDR-,bath5,47.01,-1,Wallpaper border - Standard grade
WPR,BORDR-,bedroom,72.48,0,Wallpaper border - Standard grade
WPR,BORDR-,bedroom2,94.32,0,Wallpaper border - Standard grade
WPR,BORDR-,bedroom3,94.32,0,Wallpaper border - Standard grade
WPR,BORDR-,bedroom4,108.74,0,Wallpaper border - Standard grade
WPR,BORDR-,bedroom5,94.32,-1,Wallpaper border - Standard grade
WPR,BORDR-,bedroom6,108.74,-1,Wallpaper border - Standard grade
WPR,BORDR-,bedroom7,108.74,-1,Wallpaper border - Standard grade
WPR,BORDR-,bedroom8,108.74,-1,Wallpaper border - Standard grade
WPR,BORDR-,diningroom,108.74,0,Wallpaper border - Standard grade
WPR,BORDR-,entryfoyer,72.48,0,Wallpaper border - Standard grade
WPR,BORDR-,familyroom,108.74,0,Wallpaper border - Standard grade
WPR,BORDR-,hallway,68.79,0,Wallpaper border - Standard grade
WPR,BORDR-,hallway2,76.18,0,Wallpaper border - Standard grade
WPR,BORDR-,hallway3,68.79,-1,Wallpaper border - Standard grade
WPR,BORDR-,hallway4,76.18,-1,Wallpaper border - Standard grade
WPR,BORDR-,kitchen,94.32,0,Wallpaper border - Standard grade
WPR,BORDR-,laundryroom,65.12,0,Wallpaper border - Standard grade
WPR,BORDR-,laundryroom2,65.12,-1,Wallpaper border - Standard grade
WPR,BORDR-,livingroom,123.16,0,Wallpaper border - Standard grade
WPR,BORDR-,livingroom2,108.74,-1,Wallpaper border - Standard grade
WPR,BORDR-,livingroom3,123.16,-1,Wallpaper border - Standard grade
WPR,BORDR-,nook,72.48,0,Wallpaper border - Standard grade
WPR,BORDR-,nook2,72.48,-1,Wallpaper border - Standard grade
WPR,BORDR-,utilityroom,79.87,0,Wallpaper border - Standard grade
WPR,BORDR-,utilityroom2,79.87,-1,Wallpaper border - Standard grade
WPR,BORDR-,walkinclose2,79.87,0,Wallpaper border - Standard grade
WPR,BORDR-,walkincloset,79.87,0,Wallpaper border - Standard grade
