Room.Name,Dimensions,length_Ft,length_In,width_Ft,width_In,height_Ft,height_In,buildingType,buildingSize,buildingBasement,buildingQuality
Bath,"7' 10"" x 4' 11"" x 9'",7,10,4,11,9,0,R,L,BD,CU
Bath,"7' 11"" x 5' x 8'",7,11,5,0,8,0,R,L,BD,ST
Bath,"7' 4"" x 4' 7"" x 9'",7,4,4,7,9,0,R,L,C,CU
Bath,"6' 11"" x 4' 4"" x 9'",6,11,4,4,9,0,R,M,BD,CU
Bath,"7' 1"" x 4' 5"" x 8'",7,1,4,5,8,0,R,M,BD,ST
Bath,"6' 10"" x 4' 3"" x 8'",6,10,4,3,8,0,R,M,BU,ST
Bath,"6' 10"" x 4' 3"" x 9'",6,10,4,3,9,0,R,M,C,CU
Bath,"6' 11"" x 4' 4"" x 8'",6,11,4,4,8,0,R,M,C,ST
Bath,"8' 1"" x 5' 1"" x 8'",8,1,5,1,8,0,R,S,BD,AA
Bath,"8' 3"" x 5' 2"" x 8'",8,3,5,2,8,0,R,S,BD,EC
Bath,"7' 10"" x 4' 11"" x 8'",7,10,4,11,8,0,R,S,BU,EC
Bath,"7' 7"" x 4' 9"" x 8'",7,7,4,9,8,0,R,S,C,AA
Bath,8' x 5' x 8',8,0,5,0,8,0,R,S,C,EC
Bath,"7' 11"" x 4' 11"" x 8'",7,11,4,11,8,0,R,L,BD,ST
Bath,"7' 8"" x 4' 10"" x 8'",7,8,4,10,8,0,R,L,BU,ST
Bath,"7' 7"" x 4' 9"" x 9'",7,7,4,9,9,0,R,L,C,CU
Bath,"7' 9"" x 4' 10"" x 8'",7,9,4,10,8,0,R,L,C,ST
Bath,"7' 5"" x 4' 8"" x 9'",7,5,4,8,9,0,R,M,BD,CU
Bath,"7' 7"" x 4' 9"" x 8'",7,7,4,9,8,0,R,M,BD,ST
Bath,"7' 2"" x 4' 6"" x 8'",7,2,4,6,8,0,R,M,BU,ST
Bath,"7' 1"" x 4' 5"" x 9'",7,1,4,5,9,0,R,M,C,CU
Bath,"7' 3"" x 4' 6"" x 8'",7,3,4,6,8,0,R,M,C,ST
Bath,"7' 7"" x 4' 9"" x 8'",7,7,4,9,8,0,R,S,BD,AA
Bath,"7' 7"" x 4' 9"" x 8'",7,7,4,9,8,0,R,S,BD,EC
Bath,"7' 3"" x 4' 6"" x 8'",7,3,4,6,8,0,R,S,BU,EC
Bath,"7' 2"" x 4' 6"" x 8'",7,2,4,6,8,0,R,S,C,AA
Bath,"7' 5"" x 4' 7"" x 8'",7,5,4,7,8,0,R,S,C,EC
Bath2,"4' 11"" x 4' 11"" x 9'",4,11,4,11,9,0,R,L,BD,CU
Bath2,5' x 5' x 8',5,0,5,0,8,0,R,L,BD,ST
Bath2,"4' 9"" x 4' 9"" x 8'",4,9,4,9,8,0,R,L,BU,ST
Bath2,"4' 7"" x 4' 7"" x 9'",4,7,4,7,9,0,R,L,C,CU
Bath2,"4' 9"" x 4' 9"" x 8'",4,9,4,9,8,0,R,L,C,ST
Bath2,"6' 11"" x 4' 4"" x 9'",6,11,4,4,9,0,R,M,BD,CU
Bath2,"7' 1"" x 4' 5"" x 8'",7,1,4,5,8,0,R,M,BD,ST
Bath2,"6' 10"" x 4' 3"" x 8'",6,10,4,3,8,0,R,M,BU,ST
Bath2,"6' 10"" x 4' 3"" x 9'",6,10,4,3,9,0,R,M,C,CU
Bath2,"6' 11"" x 4' 4"" x 8'",6,11,4,4,8,0,R,M,C,ST
Bath2,"8' 1"" x 5' 1"" x 8'",8,1,5,1,8,0,R,S,BD,AA
Bath2,"8' 3"" x 5' 2"" x 8'",8,3,5,2,8,0,R,S,BD,EC
Bath2,"7' 10"" x 4' 11"" x 9'",7,10,4,11,9,0,R,L,BD,CU
Bath2,"7' 11"" x 4' 11"" x 8'",7,11,4,11,8,0,R,L,BD,ST
Bath2,"7' 8"" x 4' 10"" x 8'",7,8,4,10,8,0,R,L,BU,ST
Bath2,"7' 7"" x 4' 9"" x 9'",7,7,4,9,9,0,R,L,C,CU
Bath2,"7' 9"" x 4' 10"" x 8'",7,9,4,10,8,0,R,L,C,ST
Bath2,"7' 5"" x 4' 8"" x 9'",7,5,4,8,9,0,R,M,BD,CU
Bath2,"7' 7"" x 4' 9"" x 8'",7,7,4,9,8,0,R,M,BD,ST
Bath2,"7' 2"" x 4' 6"" x 8'",7,2,4,6,8,0,R,M,BU,ST
Bath2,"7' 1"" x 4' 5"" x 9'",7,1,4,5,9,0,R,M,C,CU
Bath2,"7' 3"" x 4' 6"" x 8'",7,3,4,6,8,0,R,M,C,ST
Bath2,"7' 7"" x 4' 9"" x 8'",7,7,4,9,8,0,R,S,BD,AA
Bath2,"4' 9"" x 4' 9"" x 8'",4,9,4,9,8,0,R,S,BD,EC
Bath2,"4' 6"" x 4' 6"" x 8'",4,6,4,6,8,0,R,S,BU,EC
Bath2,"4' 6"" x 4' 6"" x 8'",4,6,4,6,8,0,R,S,C,AA
Bath2,"4' 7"" x 4' 7"" x 8'",4,7,4,7,8,0,R,S,C,EC
Bath3,"9' 10"" x 7' 10"" x 9'",9,10,7,10,9,0,R,L,BD,CU
Bath3,"9' 11"" x 7' 11"" x 8'",9,11,7,11,8,0,R,L,BD,ST
Bath3,"9' 5"" x 7' 7"" x 8'",9,5,7,7,8,0,R,L,BU,ST
Bath3,"9' 2"" x 7' 4"" x 9'",9,2,7,4,9,0,R,L,C,CU
Bath3,"9' 6"" x 7' 8"" x 8'",9,6,7,8,8,0,R,L,C,ST
Bath3,"4' 4"" x 4' 4"" x 9'",4,4,4,4,9,0,R,M,BD,CU
Bath3,"7' 1"" x 4' 5"" x 8'",7,1,4,5,8,0,R,M,BD,ST
Bath3,"4' 3"" x 4' 3"" x 8'",4,3,4,3,8,0,R,M,BU,ST
Bath3,"4' 3"" x 4' 3"" x 9'",4,3,4,3,9,0,R,M,C,CU
Bath3,"4' 4"" x 4' 4"" x 8'",4,4,4,4,8,0,R,M,C,ST
Bath3,"9' 9"" x 7' 10"" x 9'",9,9,7,10,9,0,R,L,BD,CU
Bath3,"9' 7"" x 7' 8"" x 8'",9,7,7,8,8,0,R,L,BU,ST
Bath3,"9' 5"" x 7' 7"" x 9'",9,5,7,7,9,0,R,L,C,CU
Bath3,"9' 8"" x 7' 9"" x 8'",9,8,7,9,8,0,R,L,C,ST
Bath3,"4' 8"" x 4' 8"" x 9'",4,8,4,8,9,0,R,M,BD,CU
Bath3,"4' 9"" x 4' 9"" x 8'",4,9,4,9,8,0,R,M,BD,ST
Bath3,"4' 6"" x 4' 6"" x 8'",4,6,4,6,8,0,R,M,BU,ST
Bath3,"4' 5"" x 4' 5"" x 9'",4,5,4,5,9,0,R,M,C,CU
Bath3,"4' 6"" x 4' 6"" x 8'",4,6,4,6,8,0,R,M,C,ST
Bath3,"7' 7"" x 4' 9"" x 8'",7,7,4,9,8,0,R,S,BD,EC
Bath4,"7' 10"" x 4' 11"" x 9'",7,10,4,11,9,0,R,L,BD,CU
Bath4,"7' 11"" x 5' x 8'",7,11,5,0,8,0,R,L,BD,ST
Bath4,"6' 11"" x 4' 4"" x 9'",6,11,4,4,9,0,R,M,BD,CU
Bath4,"7' 11"" x 4' 11"" x 8'",7,11,4,11,8,0,R,L,BD,ST
Bath4,"7' 5"" x 4' 8"" x 9'",7,5,4,8,9,0,R,M,BD,CU
Bath4,"7' 7"" x 4' 9"" x 8'",7,7,4,9,8,0,R,M,BD,ST
Bath5,"7' 10"" x 4' 11"" x 9'",7,10,4,11,9,0,R,L,BD,CU
Bath5,"7' 11"" x 5' x 8'",7,11,5,0,8,0,R,L,BD,ST
Bedroom,"9' 10"" x 9' 10"" x 9'",9,10,9,10,9,0,R,L,BD,CU
Bedroom,"9' 11"" x 9' 11"" x 8'",9,11,9,11,8,0,R,L,BD,ST
Bedroom,"9' 5"" x 9' 5"" x 8'",9,5,9,5,8,0,R,L,BU,ST
Bedroom,"9' 2"" x 9' 2"" x 9'",9,2,9,2,9,0,R,L,C,CU
Bedroom,"9' 6"" x 9' 6"" x 8'",9,6,9,6,8,0,R,L,C,ST
Bedroom,"8' 8"" x 8' 8"" x 9'",8,8,8,8,9,0,R,M,BD,CU
Bedroom,"8' 11"" x 8' 11"" x 8'",8,11,8,11,8,0,R,M,BD,ST
Bedroom,"8' 7"" x 8' 7"" x 8'",8,7,8,7,8,0,R,M,BU,ST
Bedroom,"8' 7"" x 8' 7"" x 9'",8,7,8,7,9,0,R,M,C,CU
Bedroom,"8' 8"" x 8' 8"" x 8'",8,8,8,8,8,0,R,M,C,ST
Bedroom,"10' 2"" x 10' 2"" x 8'",10,2,10,2,8,0,R,S,BD,AA
Bedroom,"10' 4"" x 10' 4"" x 8'",10,4,10,4,8,0,R,S,BD,EC
Bedroom,NA,NA,NA,NA,NA,NA,NA,R,S,BU,EC
Bedroom,"9' 6"" x 9' 6"" x 8'",9,6,9,6,8,0,R,S,C,AA
Bedroom,NA,NA,NA,NA,NA,NA,NA,R,S,C,EC
Bedroom,"9' 9"" x 9' 9"" x 9'",9,9,9,9,9,0,R,L,BD,CU
Bedroom,"9' 7"" x 9' 7"" x 8'",9,7,9,7,8,0,R,L,BU,ST
Bedroom,"9' 5"" x 9' 5"" x 9'",9,5,9,5,9,0,R,L,C,CU
Bedroom,"9' 8"" x 9' 8"" x 8'",9,8,9,8,8,0,R,L,C,ST
Bedroom,"9' 4"" x 9' 4"" x 9'",9,4,9,4,9,0,R,M,BD,CU
Bedroom,"9' 6"" x 9' 6"" x 8'",9,6,9,6,8,0,R,M,BD,ST
Bedroom,"8' 11"" x 8' 11"" x 8'",8,11,8,11,8,0,R,M,BU,ST
Bedroom,"8' 11"" x 8' 11"" x 9'",8,11,8,11,9,0,R,M,C,CU
Bedroom,"9' 1"" x 9' 1"" x 8'",9,1,9,1,8,0,R,M,C,ST
Bedroom,"9' 6"" x 9' 6"" x 8'",9,6,9,6,8,0,R,S,BD,AA
Bedroom,NA,NA,NA,NA,NA,NA,NA,R,S,BD,EC
Bedroom,9' x 9' x 8',9,0,9,0,8,0,R,S,BU,EC
Bedroom,9' x 9' x 8',9,0,9,0,8,0,R,S,C,AA
Bedroom,"9' 3"" x 9' 3"" x 8'",9,3,9,3,8,0,R,S,C,EC
Bedroom2,"13' 9"" x 11' 10"" x 9'",13,9,11,10,9,0,R,L,BD,CU
Bedroom2,"13' 11"" x 11' 11"" x 8'",13,11,11,11,8,0,R,L,BD,ST
Bedroom2,"13' 3"" x 11' 4"" x 8'",13,3,11,4,8,0,R,L,BU,ST
Bedroom2,"12' 11"" x 11' x 9'",12,11,11,0,9,0,R,L,C,CU
Bedroom2,"13' 4"" x 11' 5"" x 8'",13,4,11,5,8,0,R,L,C,ST
Bedroom2,"12' 2"" x 10' 5"" x 9'",12,2,10,5,9,0,R,M,BD,CU
Bedroom2,"12' 5"" x 10' 8"" x 8'",12,5,10,8,8,0,R,M,BD,ST
Bedroom2,"12' x 10' 3"" x 8'",12,0,10,3,8,0,R,M,BU,ST
Bedroom2,"12' x 10' 3"" x 9'",12,0,10,3,9,0,R,M,C,CU
Bedroom2,"12' 2"" x 10' 5"" x 8'",12,2,10,5,8,0,R,M,C,ST
Bedroom2,"10' 2"" x 10' 2"" x 8'",10,2,10,2,8,0,R,S,BD,AA
Bedroom2,"10' 4"" x 10' 4"" x 8'",10,4,10,4,8,0,R,S,BD,EC
Bedroom2,"9' 9"" x 9' 9"" x 8'",9,9,9,9,8,0,R,S,BU,EC
Bedroom2,"9' 6"" x 9' 6"" x 8'",9,6,9,6,8,0,R,S,C,AA
Bedroom2,"10' 1"" x 10' 1"" x 8'",10,1,10,1,8,0,R,S,C,EC
Bedroom2,"13' 8"" x 11' 9"" x 9'",13,8,11,9,9,0,R,L,BD,CU
Bedroom2,"13' 5"" x 11' 6"" x 8'",13,5,11,6,8,0,R,L,BU,ST
Bedroom2,"13' 3"" x 11' 4"" x 9'",13,3,11,4,9,0,R,L,C,CU
Bedroom2,"13' 6"" x 11' 7"" x 8'",13,6,11,7,8,0,R,L,C,ST
Bedroom2,"13' x 11' 2"" x 9'",13,0,11,2,9,0,R,M,BD,CU
Bedroom2,"13' 4"" x 11' 5"" x 8'",13,4,11,5,8,0,R,M,BD,ST
Bedroom2,"12' 6"" x 10' 9"" x 8'",12,6,10,9,8,0,R,M,BU,ST
Bedroom2,"12' 5"" x 10' 8"" x 9'",12,5,10,8,9,0,R,M,C,CU
Bedroom2,"12' 8"" x 10' 10"" x 8'",12,8,10,10,8,0,R,M,C,ST
Bedroom2,"9' 6"" x 9' 6"" x 8'",9,6,9,6,8,0,R,S,BD,AA
Bedroom2,NA,NA,NA,NA,NA,NA,NA,R,S,BD,EC
Bedroom2,9' x 9' x 8',9,0,9,0,8,0,R,S,BU,EC
Bedroom2,9' x 9' x 8',9,0,9,0,8,0,R,S,C,AA
Bedroom2,"9' 3"" x 9' 3"" x 8'",9,3,9,3,8,0,R,S,C,EC
Bedroom3,"13' 9"" x 11' 10"" x 9'",13,9,11,10,9,0,R,L,BD,CU
Bedroom3,"13' 11"" x 11' 11"" x 8'",13,11,11,11,8,0,R,L,BD,ST
Bedroom3,"13' 3"" x 11' 4"" x 8'",13,3,11,4,8,0,R,L,BU,ST
Bedroom3,"12' 11"" x 11' x 9'",12,11,11,0,9,0,R,L,C,CU
Bedroom3,"13' 4"" x 11' 5"" x 8'",13,4,11,5,8,0,R,L,C,ST
Bedroom3,"13' 11"" x 12' 2"" x 9'",13,11,12,2,9,0,R,M,BD,CU
Bedroom3,"14' 3"" x 12' 5"" x 8'",14,3,12,5,8,0,R,M,BD,ST
Bedroom3,"13' 8"" x 12' x 8'",13,8,12,0,8,0,R,M,BU,ST
Bedroom3,"13' 8"" x 12' x 9'",13,8,12,0,9,0,R,M,C,CU
Bedroom3,"13' 11"" x 12' 2"" x 8'",13,11,12,2,8,0,R,M,C,ST
Bedroom3,"14' 2"" x 12' 2"" x 8'",14,2,12,2,8,0,R,S,BD,AA
Bedroom3,"14' 6"" x 12' 5"" x 8'",14,6,12,5,8,0,R,S,BD,EC
Bedroom3,"13' 8"" x 11' 9"" x 9'",13,8,11,9,9,0,R,L,BD,CU
Bedroom3,"13' 5"" x 11' 6"" x 8'",13,5,11,6,8,0,R,L,BU,ST
Bedroom3,"13' 3"" x 11' 4"" x 9'",13,3,11,4,9,0,R,L,C,CU
Bedroom3,"13' 6"" x 11' 7"" x 8'",13,6,11,7,8,0,R,L,C,ST
Bedroom3,"14' 11"" x 13' x 9'",14,11,13,0,9,0,R,M,BD,CU
Bedroom3,"15' 3"" x 13' 4"" x 8'",15,3,13,4,8,0,R,M,BD,ST
Bedroom3,"14' 4"" x 12' 6"" x 8'",14,4,12,6,8,0,R,M,BU,ST
Bedroom3,"14' 3"" x 12' 5"" x 9'",14,3,12,5,9,0,R,M,C,CU
Bedroom3,"14' 6"" x 12' 8"" x 8'",14,6,12,8,8,0,R,M,C,ST
Bedroom3,"13' 4"" x 11' 5"" x 8'",13,4,11,5,8,0,R,S,BD,AA
Bedroom3,"13' 4"" x 11' 5"" x 8'",13,4,11,5,8,0,R,S,BD,EC
Bedroom3,"12' 8"" x 10' 10"" x 8'",12,8,10,10,8,0,R,S,BU,EC
Bedroom3,"12' 7"" x 10' 9"" x 8'",12,7,10,9,8,0,R,S,C,AA
Bedroom3,"12' 11"" x 11' 1"" x 8'",12,11,11,1,8,0,R,S,C,EC
Bedroom4,"15' 9"" x 13' 9"" x 9'",15,9,13,9,9,0,R,L,BD,CU
Bedroom4,"15' 11"" x 13' 11"" x 8'",15,11,13,11,8,0,R,L,BD,ST
Bedroom4,"15' 1"" x 13' 3"" x 8'",15,1,13,3,8,0,R,L,BU,ST
Bedroom4,"14' 9"" x 12' 11"" x 9'",14,9,12,11,9,0,R,L,C,CU
Bedroom4,"15' 3"" x 13' 4"" x 8'",15,3,13,4,8,0,R,L,C,ST
Bedroom4,"13' 11"" x 12' 2"" x 9'",13,11,12,2,9,0,R,M,BD,CU
Bedroom4,"14' 3"" x 12' 5"" x 8'",14,3,12,5,8,0,R,M,BD,ST
Bedroom4,"14' 2"" x 12' 2"" x 8'",14,2,12,2,8,0,R,S,BD,AA
Bedroom4,"14' 6"" x 12' 5"" x 8'",14,6,12,5,8,0,R,S,BD,EC
Bedroom4,"15' 8"" x 13' 8"" x 9'",15,8,13,8,9,0,R,L,BD,CU
Bedroom4,"15' 10"" x 13' 11"" x 8'",15,10,13,11,8,0,R,L,BD,ST
Bedroom4,"15' 4"" x 13' 5"" x 8'",15,4,13,5,8,0,R,L,BU,ST
Bedroom4,"15' 1"" x 13' 3"" x 9'",15,1,13,3,9,0,R,L,C,CU
Bedroom4,"15' 6"" x 13' 6"" x 8'",15,6,13,6,8,0,R,L,C,ST
Bedroom4,"13' x 11' 2"" x 9'",13,0,11,2,9,0,R,M,BD,CU
Bedroom4,"13' 4"" x 11' 5"" x 8'",13,4,11,5,8,0,R,M,BD,ST
Bedroom4,"13' 4"" x 11' 5"" x 8'",13,4,11,5,8,0,R,S,BD,AA
Bedroom4,"13' 4"" x 11' 5"" x 8'",13,4,11,5,8,0,R,S,BD,EC
Bedroom5,"13' 9"" x 11' 10"" x 9'",13,9,11,10,9,0,R,L,BD,CU
Bedroom5,"13' 11"" x 11' 11"" x 8'",13,11,11,11,8,0,R,L,BD,ST
Bedroom5,"13' 11"" x 12' 2"" x 9'",13,11,12,2,9,0,R,M,BD,CU
Bedroom5,"14' 3"" x 12' 5"" x 8'",14,3,12,5,8,0,R,M,BD,ST
Bedroom5,"13' 8"" x 11' 9"" x 9'",13,8,11,9,9,0,R,L,BD,CU
Bedroom5,"13' x 11' 2"" x 9'",13,0,11,2,9,0,R,M,BD,CU
Bedroom5,"13' 4"" x 11' 5"" x 8'",13,4,11,5,8,0,R,M,BD,ST
Bedroom5,"13' 4"" x 11' 5"" x 8'",13,4,11,5,8,0,R,S,BD,AA
Bedroom5,"13' 4"" x 11' 5"" x 8'",13,4,11,5,8,0,R,S,BD,EC
Bedroom6,"15' 9"" x 13' 9"" x 9'",15,9,13,9,9,0,R,L,BD,CU
Bedroom6,"15' 11"" x 13' 11"" x 8'",15,11,13,11,8,0,R,L,BD,ST
Bedroom6,"13' 11"" x 12' 2"" x 9'",13,11,12,2,9,0,R,M,BD,CU
Bedroom6,"14' 3"" x 12' 5"" x 8'",14,3,12,5,8,0,R,M,BD,ST
Bedroom6,"13' 8"" x 11' 9"" x 9'",13,8,11,9,9,0,R,L,BD,CU
Bedroom6,"13' 11"" x 11' 11"" x 8'",13,11,11,11,8,0,R,L,BD,ST
Bedroom7,"15' 9"" x 13' 9"" x 9'",15,9,13,9,9,0,R,L,BD,CU
Bedroom7,"15' 11"" x 13' 11"" x 8'",15,11,13,11,8,0,R,L,BD,ST
Bedroom7,"13' 8"" x 11' 9"" x 9'",13,8,11,9,9,0,R,L,BD,CU
Bedroom7,"13' 11"" x 11' 11"" x 8'",13,11,11,11,8,0,R,L,BD,ST
Bedroom8,"15' 9"" x 13' 9"" x 9'",15,9,13,9,9,0,R,L,BD,CU
Bedroom8,"15' 11"" x 13' 11"" x 8'",15,11,13,11,8,0,R,L,BD,ST
Deck,"10' 11"" x 10' 11"" x 9'",10,11,10,11,9,0,R,L,BD,CU
Deck,"10' 11"" x 10' 11"" x 8'",10,11,10,11,8,0,R,L,BD,ST
Deck,"10' 11"" x 10' 11"" x 8'",10,11,10,11,8,0,R,L,BU,ST
Deck,"10' 11"" x 10' 11"" x 8'",10,11,10,11,8,0,R,L,C,ST
Deck,"14' 2"" x 14' 2"" x 9'",14,2,14,2,9,0,R,L,BD,CU
Deck,"14' 2"" x 14' 2"" x 8'",14,2,14,2,8,0,R,L,BD,ST
Deck,"14' 2"" x 14' 2"" x 8'",14,2,14,2,8,0,R,L,BU,ST
Deck,"14' 2"" x 14' 2"" x 8'",14,2,14,2,8,0,R,L,C,ST
DiningRoom,"17' 8"" x 11' 10"" x 9'",17,8,11,10,9,0,R,L,BD,CU
DiningRoom,"17' 11"" x 11' 11"" x 8'",17,11,11,11,8,0,R,L,BD,ST
DiningRoom,"17' x 11' 4"" x 8'",17,0,11,4,8,0,R,L,BU,ST
DiningRoom,"16' 7"" x 11' x 9'",16,7,11,0,9,0,R,L,C,CU
DiningRoom,"17' 2"" x 11' 5"" x 8'",17,2,11,5,8,0,R,L,C,ST
DiningRoom,"15' 7"" x 10' 5"" x 9'",15,7,10,5,9,0,R,M,BD,CU
DiningRoom,"16' x 10' 8"" x 8'",16,0,10,8,8,0,R,M,BD,ST
DiningRoom,"15' 5"" x 10' 3"" x 8'",15,5,10,3,8,0,R,M,BU,ST
DiningRoom,"15' 5"" x 10' 3"" x 9'",15,5,10,3,9,0,R,M,C,CU
DiningRoom,"15' 8"" x 10' 5"" x 8'",15,8,10,5,8,0,R,M,C,ST
DiningRoom,"19' 7"" x 13' 8"" x 9'",19,7,13,8,9,0,R,L,BD,CU
DiningRoom,"19' 10"" x 13' 11"" x 8'",19,10,13,11,8,0,R,L,BD,ST
DiningRoom,"19' 2"" x 13' 5"" x 8'",19,2,13,5,8,0,R,L,BU,ST
DiningRoom,"18' 10"" x 13' 3"" x 9'",18,10,13,3,9,0,R,L,C,CU
DiningRoom,"19' 4"" x 13' 6"" x 8'",19,4,13,6,8,0,R,L,C,ST
DiningRoom,"16' 9"" x 11' 2"" x 9'",16,9,11,2,9,0,R,M,BD,CU
DiningRoom,"17' 1"" x 11' 5"" x 8'",17,1,11,5,8,0,R,M,BD,ST
DiningRoom,"16' 1"" x 10' 9"" x 8'",16,1,10,9,8,0,R,M,BU,ST
DiningRoom,"16' x 10' 8"" x 9'",16,0,10,8,9,0,R,M,C,CU
DiningRoom,"16' 4"" x 10' 10"" x 8'",16,4,10,10,8,0,R,M,C,ST
DiningRoom,"13' 4"" x 9' 6"" x 8'",13,4,9,6,8,0,R,S,BD,AA
DiningRoom,"13' 4"" x 9' 6"" x 8'",13,4,9,6,8,0,R,S,BD,EC
DiningRoom,"12' 8"" x 9' x 8'",12,8,9,0,8,0,R,S,BU,EC
DiningRoom,"12' 7"" x 9' x 8'",12,7,9,0,8,0,R,S,C,AA
DiningRoom,"12' 11"" x 9' 3"" x 8'",12,11,9,3,8,0,R,S,C,EC
EntryFoyer,NA,NA,NA,NA,NA,NA,NA,R,L,BD,CU
EntryFoyer,"9' 11"" x 9' 11"" x 8'",9,11,9,11,8,0,R,L,BD,ST
EntryFoyer,"9' 5"" x 9' 5"" x 8'",9,5,9,5,8,0,R,L,BU,ST
EntryFoyer,NA,NA,NA,NA,NA,NA,NA,R,L,C,CU
EntryFoyer,"9' 6"" x 9' 6"" x 8'",9,6,9,6,8,0,R,L,C,ST
EntryFoyer,NA,NA,NA,NA,NA,NA,NA,R,M,BD,CU
EntryFoyer,"7' 1"" x 5' 4"" x 8'",7,1,5,4,8,0,R,M,BD,ST
EntryFoyer,"6' 10"" x 5' 2"" x 8'",6,10,5,2,8,0,R,M,BU,ST
EntryFoyer,"6' 10"" x 5' 2"" x 9'",6,10,5,2,9,0,R,M,C,CU
EntryFoyer,"6' 11"" x 5' 3"" x 8'",6,11,5,3,8,0,R,M,C,ST
EntryFoyer,"9' 9"" x 9' 9"" x 9'",9,9,9,9,9,0,R,L,BD,CU
EntryFoyer,"9' 7"" x 9' 7"" x 8'",9,7,9,7,8,0,R,L,BU,ST
EntryFoyer,"9' 5"" x 9' 5"" x 9'",9,5,9,5,9,0,R,L,C,CU
EntryFoyer,"9' 8"" x 9' 8"" x 8'",9,8,9,8,8,0,R,L,C,ST
EntryFoyer,"7' 5"" x 5' 7"" x 9'",7,5,5,7,9,0,R,M,BD,CU
EntryFoyer,"7' 7"" x 5' 8"" x 8'",7,7,5,8,8,0,R,M,BD,ST
EntryFoyer,"7' 2"" x 5' 4"" x 8'",7,2,5,4,8,0,R,M,BU,ST
EntryFoyer,"7' 1"" x 5' 4"" x 9'",7,1,5,4,9,0,R,M,C,CU
EntryFoyer,"7' 3"" x 5' 5"" x 8'",7,3,5,5,8,0,R,M,C,ST
EntryFoyer2,"9' 2"" x 9' 2"" x 9'",9,2,9,2,9,0,R,L,C,CU
FamilyRoom,"17' 8"" x 11' 10"" x 9'",17,8,11,10,9,0,R,L,BD,CU
FamilyRoom,"17' 11"" x 11' 11"" x 8'",17,11,11,11,8,0,R,L,BD,ST
FamilyRoom,"17' x 11' 4"" x 8'",17,0,11,4,8,0,R,L,BU,ST
FamilyRoom,"16' 7"" x 11' x 9'",16,7,11,0,9,0,R,L,C,CU
FamilyRoom,"17' 2"" x 11' 5"" x 8'",17,2,11,5,8,0,R,L,C,ST
FamilyRoom,"12' 2"" x 8' 8"" x 9'",12,2,8,8,9,0,R,M,BD,CU
FamilyRoom,"12' 5"" x 8' 11"" x 8'",12,5,8,11,8,0,R,M,BD,ST
FamilyRoom,"12' x 8' 7"" x 8'",12,0,8,7,8,0,R,M,BU,ST
FamilyRoom,"12' x 8' 7"" x 9'",12,0,8,7,9,0,R,M,C,CU
FamilyRoom,"12' 2"" x 8' 8"" x 8'",12,2,8,8,8,0,R,M,C,ST
FamilyRoom,"19' 7"" x 13' 8"" x 9'",19,7,13,8,9,0,R,L,BD,CU
FamilyRoom,"19' 10"" x 13' 11"" x 8'",19,10,13,11,8,0,R,L,BD,ST
FamilyRoom,"19' 2"" x 13' 5"" x 8'",19,2,13,5,8,0,R,L,BU,ST
FamilyRoom,"18' 10"" x 13' 3"" x 9'",18,10,13,3,9,0,R,L,C,CU
FamilyRoom,"19' 4"" x 13' 6"" x 8'",19,4,13,6,8,0,R,L,C,ST
FamilyRoom,"13' x 9' 4"" x 9'",13,0,9,4,9,0,R,M,BD,CU
FamilyRoom,"13' 4"" x 9' 6"" x 8'",13,4,9,6,8,0,R,M,BD,ST
FamilyRoom,"12' 6"" x 8' 11"" x 8'",12,6,8,11,8,0,R,M,BU,ST
FamilyRoom,"12' 5"" x 8' 11"" x 9'",12,5,8,11,9,0,R,M,C,CU
FamilyRoom,"12' 8"" x 9' 1"" x 8'",12,8,9,1,8,0,R,M,C,ST
Hallway,"14' 9"" x 3' 11"" x 9'",14,9,3,11,9,0,R,L,BD,CU
Hallway,"14' 11"" x 4' x 8'",14,11,4,0,8,0,R,L,BD,ST
Hallway,"14' 2"" x 3' 9"" x 8'",14,2,3,9,8,0,R,L,BU,ST
Hallway,"13' 10"" x 3' 8"" x 9'",13,10,3,8,9,0,R,L,C,CU
Hallway,"14' 4"" x 3' 10"" x 8'",14,4,3,10,8,0,R,L,C,ST
Hallway,"13' x 5' 2"" x 9'",13,0,5,2,9,0,R,M,BD,CU
Hallway,"13' 4"" x 5' 4"" x 8'",13,4,5,4,8,0,R,M,BD,ST
Hallway,"12' 10"" x 5' 2"" x 8'",12,10,5,2,8,0,R,M,BU,ST
Hallway,"12' 10"" x 5' 2"" x 9'",12,10,5,2,9,0,R,M,C,CU
Hallway,"13' x 5' 3"" x 8'",13,0,5,3,8,0,R,M,C,ST
Hallway,"15' 2"" x 4' 1"" x 8'",15,2,4,1,8,0,R,S,BD,AA
Hallway,"15' 6"" x 4' 2"" x 8'",15,6,4,2,8,0,R,S,BD,EC
Hallway,"14' 8"" x 3' 11"" x 8'",14,8,3,11,8,0,R,S,BU,EC
Hallway,"14' 3"" x 3' 9"" x 8'",14,3,3,9,8,0,R,S,C,AA
Hallway,"15' 1"" x 4' x 8'",15,1,4,0,8,0,R,S,C,EC
Hallway,"14' 8"" x 5' 10"" x 9'",14,8,5,10,9,0,R,L,BD,CU
Hallway,"14' 10"" x 5' 11"" x 8'",14,10,5,11,8,0,R,L,BD,ST
Hallway,"14' 5"" x 5' 9"" x 8'",14,5,5,9,8,0,R,L,BU,ST
Hallway,"14' 2"" x 5' 8"" x 9'",14,2,5,8,9,0,R,L,C,CU
Hallway,"14' 6"" x 5' 10"" x 8'",14,6,5,10,8,0,R,L,C,ST
Hallway,NA,NA,NA,NA,NA,NA,NA,R,M,BD,CU
Hallway,"14' 3"" x 5' 8"" x 8'",14,3,5,8,8,0,R,M,BD,ST
Hallway,"13' 5"" x 5' 4"" x 8'",13,5,5,4,8,0,R,M,BU,ST
Hallway,"13' 4"" x 5' 4"" x 9'",13,4,5,4,9,0,R,M,C,CU
Hallway,"13' 7"" x 5' 5"" x 8'",13,7,5,5,8,0,R,M,C,ST
Hallway,"9' 6"" x 2' 10"" x 8'",9,6,2,10,8,0,R,S,BD,AA
Hallway,"9' 6"" x 2' 10"" x 8'",9,6,2,10,8,0,R,S,BD,EC
Hallway,"9' x 2' 9"" x 8'",9,0,2,9,8,0,R,S,BU,EC
Hallway,NA,NA,NA,NA,NA,NA,NA,R,S,C,AA
Hallway,NA,NA,NA,NA,NA,NA,NA,R,S,C,EC
Hallway2,"14' 9"" x 5' 11"" x 9'",14,9,5,11,9,0,R,L,BD,CU
Hallway2,"14' 11"" x 6' x 8'",14,11,6,0,8,0,R,L,BD,ST
Hallway2,"14' 2"" x 5' 8"" x 8'",14,2,5,8,8,0,R,L,BU,ST
Hallway2,"13' 10"" x 5' 6"" x 9'",13,10,5,6,9,0,R,L,C,CU
Hallway2,"14' 4"" x 5' 9"" x 8'",14,4,5,9,8,0,R,L,C,ST
Hallway2,"13' x 6' 11"" x 9'",13,0,6,11,9,0,R,M,BD,CU
Hallway2,"13' 4"" x 7' 1"" x 8'",13,4,7,1,8,0,R,M,BD,ST
Hallway2,"10' 2"" x 3' x 8'",10,2,3,0,8,0,R,S,BD,AA
Hallway2,"10' 4"" x 3' 1"" x 8'",10,4,3,1,8,0,R,S,BD,EC
Hallway2,NA,NA,NA,NA,NA,NA,NA,R,L,BD,CU
Hallway2,"14' 10"" x 5' 11"" x 8'",14,10,5,11,8,0,R,L,BD,ST
Hallway2,"14' 5"" x 5' 9"" x 8'",14,5,5,9,8,0,R,L,BU,ST
Hallway2,"14' 2"" x 5' 8"" x 9'",14,2,5,8,9,0,R,L,C,CU
Hallway2,"14' 6"" x 5' 10"" x 8'",14,6,5,10,8,0,R,L,C,ST
Hallway2,NA,NA,NA,NA,NA,NA,NA,R,M,BD,CU
Hallway2,"9' 6"" x 2' 10"" x 8'",9,6,2,10,8,0,R,M,BD,ST
Hallway2,"9' 6"" x 2' 10"" x 8'",9,6,2,10,8,0,R,S,BD,EC
Hallway3,"14' 9"" x 3' 11"" x 9'",14,9,3,11,9,0,R,L,BD,CU
Hallway3,"14' 11"" x 4' x 8'",14,11,4,0,8,0,R,L,BD,ST
Hallway3,NA,NA,NA,NA,NA,NA,NA,R,L,BD,CU
Hallway3,"14' 10"" x 4' x 8'",14,10,4,0,8,0,R,L,BD,ST
Hallway4,NA,NA,NA,NA,NA,NA,NA,R,L,BD,CU
Hallway4,"14' 11"" x 6' x 8'",14,11,6,0,8,0,R,L,BD,ST
Kitchen,"14' 9"" x 10' 10"" x 9'",14,9,10,10,9,0,R,L,BD,CU
Kitchen,"14' 11"" x 10' 11"" x 8'",14,11,10,11,8,0,R,L,BD,ST
Kitchen,"14' 2"" x 10' 5"" x 8'",14,2,10,5,8,0,R,L,BU,ST
Kitchen,"13' 10"" x 10' 1"" x 9'",13,10,10,1,9,0,R,L,C,CU
Kitchen,"14' 4"" x 10' 6"" x 8'",14,4,10,6,8,0,R,L,C,ST
Kitchen,"9' 7"" x 8' 8"" x 9'",9,7,8,8,9,0,R,M,BD,CU
Kitchen,"9' 9"" x 8' 11"" x 8'",9,9,8,11,8,0,R,M,BD,ST
Kitchen,"9' 5"" x 8' 7"" x 8'",9,5,8,7,8,0,R,M,BU,ST
Kitchen,"9' 5"" x 8' 7"" x 9'",9,5,8,7,9,0,R,M,C,CU
Kitchen,"9' 7"" x 8' 8"" x 8'",9,7,8,8,8,0,R,M,C,ST
Kitchen,"11' 2"" x 10' 2"" x 8'",11,2,10,2,8,0,R,S,BD,AA
Kitchen,"11' 5"" x 10' 4"" x 8'",11,5,10,4,8,0,R,S,BD,EC
Kitchen,"10' 9"" x 9' 9"" x 8'",10,9,9,9,8,0,R,S,BU,EC
Kitchen,"10' 5"" x 9' 6"" x 8'",10,5,9,6,8,0,R,S,C,AA
Kitchen,"11' 1"" x 10' 1"" x 8'",11,1,10,1,8,0,R,S,C,EC
Kitchen,"14' 8"" x 10' 9"" x 9'",14,8,10,9,9,0,R,L,BD,CU
Kitchen,"14' 10"" x 10' 11"" x 8'",14,10,10,11,8,0,R,L,BD,ST
Kitchen,"14' 5"" x 10' 7"" x 8'",14,5,10,7,8,0,R,L,BU,ST
Kitchen,"14' 2"" x 10' 5"" x 9'",14,2,10,5,9,0,R,L,C,CU
Kitchen,"14' 6"" x 10' 8"" x 8'",14,6,10,8,8,0,R,L,C,ST
Kitchen,"10' 3"" x 9' 4"" x 9'",10,3,9,4,9,0,R,M,BD,CU
Kitchen,"10' 6"" x 9' 6"" x 8'",10,6,9,6,8,0,R,M,BD,ST
Kitchen,"9' 10"" x 8' 11"" x 8'",9,10,8,11,8,0,R,M,BU,ST
Kitchen,"9' 9"" x 8' 11"" x 9'",9,9,8,11,9,0,R,M,C,CU
Kitchen,"10' x 9' 1"" x 8'",10,0,9,1,8,0,R,M,C,ST
Kitchen,"10' 5"" x 9' 6"" x 8'",10,5,9,6,8,0,R,S,BD,AA
Kitchen,"10' 6"" x 9' 6"" x 8'",10,6,9,6,8,0,R,S,BD,EC
Kitchen,"9' 11"" x 9' x 8'",9,11,9,0,8,0,R,S,BU,EC
Kitchen,"9' 10"" x 9' x 8'",9,10,9,0,8,0,R,S,C,AA
Kitchen,"10' 2"" x 9' 3"" x 8'",10,2,9,3,8,0,R,S,C,EC
LaundryRoom,"9' 10"" x 7' 10"" x 9'",9,10,7,10,9,0,R,L,BD,CU
LaundryRoom,"9' 11"" x 7' 11"" x 8'",9,11,7,11,8,0,R,L,BD,ST
LaundryRoom,"9' 5"" x 7' 7"" x 8'",9,5,7,7,8,0,R,L,BU,ST
LaundryRoom,"9' 2"" x 7' 4"" x 9'",9,2,7,4,9,0,R,L,C,CU
LaundryRoom,"9' 6"" x 7' 8"" x 8'",9,6,7,8,8,0,R,L,C,ST
LaundryRoom,"6' 1"" x 4' 4"" x 9'",6,1,4,4,9,0,R,M,BD,CU
LaundryRoom,"6' x 4' 3"" x 8'",6,0,4,3,8,0,R,M,BU,ST
LaundryRoom,"6' x 4' 3"" x 9'",6,0,4,3,9,0,R,M,C,CU
LaundryRoom,"6' 1"" x 4' 4"" x 8'",6,1,4,4,8,0,R,M,C,ST
LaundryRoom,"9' 9"" x 7' 10"" x 9'",9,9,7,10,9,0,R,L,BD,CU
LaundryRoom,"9' 7"" x 7' 8"" x 8'",9,7,7,8,8,0,R,L,BU,ST
LaundryRoom,"9' 5"" x 7' 7"" x 9'",9,5,7,7,9,0,R,L,C,CU
LaundryRoom,"9' 8"" x 7' 9"" x 8'",9,8,7,9,8,0,R,L,C,ST
LaundryRoom,"6' 6"" x 4' 8"" x 9'",6,6,4,8,9,0,R,M,BD,CU
LaundryRoom,NA,NA,NA,NA,NA,NA,NA,R,M,BD,ST
LaundryRoom,"6' 3"" x 4' 6"" x 8'",6,3,4,6,8,0,R,M,BU,ST
LaundryRoom,"6' 3"" x 4' 5"" x 9'",6,3,4,5,9,0,R,M,C,CU
LaundryRoom,"6' 4"" x 4' 6"" x 8'",6,4,4,6,8,0,R,M,C,ST
LaundryRoom2,"9' 10"" x 7' 10"" x 9'",9,10,7,10,9,0,R,L,BD,CU
LaundryRoom2,"9' 11"" x 7' 11"" x 8'",9,11,7,11,8,0,R,L,BD,ST
LaundryRoom2,"8' 8"" x 6' 11"" x 9'",8,8,6,11,9,0,R,M,BD,CU
LaundryRoom2,"8' 11"" x 7' 1"" x 8'",8,11,7,1,8,0,R,M,BD,ST
LivingRoom,"19' 8"" x 13' 9"" x 9'",19,8,13,9,9,0,R,L,BD,CU
LivingRoom,"19' 10"" x 13' 11"" x 8'",19,10,13,11,8,0,R,L,BD,ST
LivingRoom,"18' 11"" x 13' 3"" x 8'",18,11,13,3,8,0,R,L,BU,ST
LivingRoom,"18' 5"" x 12' 11"" x 9'",18,5,12,11,9,0,R,L,C,CU
LivingRoom,"19' 1"" x 13' 4"" x 8'",19,1,13,4,8,0,R,L,C,ST
LivingRoom,"17' 4"" x 12' 2"" x 9'",17,4,12,2,9,0,R,M,BD,CU
LivingRoom,"17' 9"" x 12' 5"" x 8'",17,9,12,5,8,0,R,M,BD,ST
LivingRoom,"17' 1"" x 12' x 8'",17,1,12,0,8,0,R,M,BU,ST
LivingRoom,"17' 2"" x 12' x 9'",17,2,12,0,9,0,R,M,C,CU
LivingRoom,"17' 5"" x 12' 2"" x 8'",17,5,12,2,8,0,R,M,C,ST
LivingRoom,"18' 3"" x 12' 2"" x 8'",18,3,12,2,8,0,R,S,BD,AA
LivingRoom,"18' 8"" x 12' 5"" x 8'",18,8,12,5,8,0,R,S,BD,EC
LivingRoom,"17' 7"" x 11' 9"" x 8'",17,7,11,9,8,0,R,S,BU,EC
LivingRoom,"17' 1"" x 11' 4"" x 8'",17,1,11,4,8,0,R,S,C,AA
LivingRoom,"18' 1"" x 12' 1"" x 8'",18,1,12,1,8,0,R,S,C,EC
LivingRoom,"19' 7"" x 13' 8"" x 9'",19,7,13,8,9,0,R,L,BD,CU
LivingRoom,"19' 2"" x 13' 5"" x 8'",19,2,13,5,8,0,R,L,BU,ST
LivingRoom,"18' 10"" x 13' 3"" x 9'",18,10,13,3,9,0,R,L,C,CU
LivingRoom,"19' 4"" x 13' 6"" x 8'",19,4,13,6,8,0,R,L,C,ST
LivingRoom,"18' 7"" x 13' x 9'",18,7,13,0,9,0,R,M,BD,CU
LivingRoom,"19' x 13' 4"" x 8'",19,0,13,4,8,0,R,M,BD,ST
LivingRoom,"17' 10"" x 12' 6"" x 8'",17,10,12,6,8,0,R,M,BU,ST
LivingRoom,"17' 9"" x 12' 5"" x 9'",17,9,12,5,9,0,R,M,C,CU
LivingRoom,"18' 1"" x 12' 8"" x 8'",18,1,12,8,8,0,R,M,C,ST
LivingRoom,"19' x 13' 4"" x 8'",19,0,13,4,8,0,R,S,BD,AA
LivingRoom,"19' 1"" x 13' 4"" x 8'",19,1,13,4,8,0,R,S,BD,EC
LivingRoom,"18' 1"" x 12' 8"" x 8'",18,1,12,8,8,0,R,S,BU,EC
LivingRoom,"17' 11"" x 12' 7"" x 8'",17,11,12,7,8,0,R,S,C,AA
LivingRoom,"18' 6"" x 12' 11"" x 8'",18,6,12,11,8,0,R,S,C,EC
LivingRoom2,"17' 8"" x 11' 10"" x 9'",17,8,11,10,9,0,R,L,BD,CU
LivingRoom2,"17' 11"" x 11' 11"" x 8'",17,11,11,11,8,0,R,L,BD,ST
LivingRoom2,"17' 4"" x 12' 2"" x 9'",17,4,12,2,9,0,R,M,BD,CU
LivingRoom2,"17' 9"" x 12' 5"" x 8'",17,9,12,5,8,0,R,M,BD,ST
LivingRoom2,"18' 3"" x 12' 2"" x 8'",18,3,12,2,8,0,R,S,BD,AA
LivingRoom2,"18' 8"" x 12' 5"" x 8'",18,8,12,5,8,0,R,S,BD,EC
LivingRoom2,"13' 8"" x 9' 9"" x 9'",13,8,9,9,9,0,R,L,BD,CU
LivingRoom2,"13' 11"" x 9' 11"" x 8'",13,11,9,11,8,0,R,L,BD,ST
LivingRoom2,"16' 9"" x 11' 2"" x 9'",16,9,11,2,9,0,R,M,BD,CU
LivingRoom2,"17' 1"" x 11' 5"" x 8'",17,1,11,5,8,0,R,M,BD,ST
LivingRoom3,"19' 8"" x 13' 9"" x 9'",19,8,13,9,9,0,R,L,BD,CU
LivingRoom3,"19' 10"" x 13' 11"" x 8'",19,10,13,11,8,0,R,L,BD,ST
LivingRoom3,"19' 1"" x 13' 11"" x 9'",19,1,13,11,9,0,R,M,BD,CU
LivingRoom3,"19' 6"" x 14' 3"" x 8'",19,6,14,3,8,0,R,M,BD,ST
LivingRoom3,"19' 7"" x 13' 8"" x 9'",19,7,13,8,9,0,R,L,BD,CU
Nook,"9' 10"" x 9' 10"" x 9'",9,10,9,10,9,0,R,L,BD,CU
Nook,"9' 11"" x 9' 11"" x 8'",9,11,9,11,8,0,R,L,BD,ST
Nook,"9' 5"" x 9' 5"" x 8'",9,5,9,5,8,0,R,L,BU,ST
Nook,"9' 2"" x 9' 2"" x 9'",9,2,9,2,9,0,R,L,C,CU
Nook,"9' 6"" x 9' 6"" x 8'",9,6,9,6,8,0,R,L,C,ST
Nook,"8' 8"" x 8' 8"" x 9'",8,8,8,8,9,0,R,M,BD,CU
Nook,"8' 11"" x 8' 11"" x 8'",8,11,8,11,8,0,R,M,BD,ST
Nook,"8' 7"" x 8' 7"" x 8'",8,7,8,7,8,0,R,M,BU,ST
Nook,"8' 7"" x 8' 7"" x 9'",8,7,8,7,9,0,R,M,C,CU
Nook,"8' 8"" x 8' 8"" x 8'",8,8,8,8,8,0,R,M,C,ST
Nook,"8' 1"" x 6' 1"" x 8'",8,1,6,1,8,0,R,S,BD,AA
Nook,"8' 3"" x 6' 3"" x 8'",8,3,6,3,8,0,R,S,BD,EC
Nook,"7' 10"" x 5' 10"" x 8'",7,10,5,10,8,0,R,S,BU,EC
Nook,"7' 7"" x 5' 8"" x 8'",7,7,5,8,8,0,R,S,C,AA
Nook,8' x 6' x 8',8,0,6,0,8,0,R,S,C,EC
Nook,"9' 9"" x 9' 9"" x 9'",9,9,9,9,9,0,R,L,BD,CU
Nook,"9' 7"" x 9' 7"" x 8'",9,7,9,7,8,0,R,L,BU,ST
Nook,"9' 5"" x 9' 5"" x 9'",9,5,9,5,9,0,R,L,C,CU
Nook,"9' 8"" x 9' 8"" x 8'",9,8,9,8,8,0,R,L,C,ST
Nook,NA,NA,NA,NA,NA,NA,NA,R,M,BD,CU
Nook,"9' 6"" x 9' 6"" x 8'",9,6,9,6,8,0,R,M,BD,ST
Nook,"8' 11"" x 8' 11"" x 8'",8,11,8,11,8,0,R,M,BU,ST
Nook,"8' 11"" x 8' 11"" x 9'",8,11,8,11,9,0,R,M,C,CU
Nook,"9' 1"" x 9' 1"" x 8'",9,1,9,1,8,0,R,M,C,ST
Nook,"7' 7"" x 5' 8"" x 8'",7,7,5,8,8,0,R,S,BD,AA
Nook,"7' 7"" x 5' 9"" x 8'",7,7,5,9,8,0,R,S,BD,EC
Nook,"7' 3"" x 5' 5"" x 8'",7,3,5,5,8,0,R,S,BU,EC
Nook,"7' 2"" x 5' 5"" x 8'",7,2,5,5,8,0,R,S,C,AA
Nook,"7' 5"" x 5' 7"" x 8'",7,5,5,7,8,0,R,S,C,EC
Nook2,"9' 10"" x 9' 10"" x 9'",9,10,9,10,9,0,R,L,BD,CU
Nook2,"9' 11"" x 9' 11"" x 8'",9,11,9,11,8,0,R,L,BD,ST
Pantry,"9' 9"" x 7' 10"" x 9'",9,9,7,10,9,0,R,L,BD,CU
Pantry,"9' 11"" x 7' 11"" x 8'",9,11,7,11,8,0,R,L,BD,ST
Pantry,"9' 7"" x 7' 8"" x 8'",9,7,7,8,8,0,R,L,BU,ST
Pantry,"9' 5"" x 7' 7"" x 9'",9,5,7,7,9,0,R,L,C,CU
Pantry,"9' 8"" x 7' 9"" x 8'",9,8,7,9,8,0,R,L,C,ST
Patio,"14' 2"" x 14' 2"" x 9'",14,2,14,2,9,0,R,L,BD,CU
Patio,"14' 2"" x 14' 2"" x 8'",14,2,14,2,8,0,R,L,BD,ST
Patio,"14' 2"" x 14' 2"" x 8'",14,2,14,2,8,0,R,L,BU,ST
Patio,"14' 2"" x 14' 2"" x 9'",14,2,14,2,9,0,R,L,C,CU
Patio,"14' 2"" x 14' 2"" x 8'",14,2,14,2,8,0,R,L,C,ST
Patio,"10' 11"" x 10' 11"" x 9'",10,11,10,11,9,0,R,M,BD,CU
Patio,"10' 11"" x 10' 11"" x 8'",10,11,10,11,8,0,R,M,BD,ST
Patio,"10' 11"" x 10' 11"" x 8'",10,11,10,11,8,0,R,M,BU,ST
Patio,"10' 11"" x 10' 11"" x 9'",10,11,10,11,9,0,R,M,C,CU
Patio,"10' 11"" x 10' 11"" x 8'",10,11,10,11,8,0,R,M,C,ST
Patio,"5' 8"" x 5' 8"" x 8'",5,8,5,8,8,0,R,S,BD,AA
Patio,"5' 8"" x 5' 8"" x 8'",5,8,5,8,8,0,R,S,BD,EC
Patio,"5' 8"" x 5' 8"" x 8'",5,8,5,8,8,0,R,S,C,AA
Patio,"15' 10"" x 15' 10"" x 9'",15,10,15,10,9,0,R,L,BD,CU
Patio,"15' 10"" x 15' 10"" x 8'",15,10,15,10,8,0,R,L,BD,ST
Patio,"15' 10"" x 15' 10"" x 8'",15,10,15,10,8,0,R,L,BU,ST
Patio,"15' 10"" x 15' 10"" x 9'",15,10,15,10,9,0,R,L,C,CU
Patio,"15' 10"" x 15' 10"" x 8'",15,10,15,10,8,0,R,L,C,ST
Patio,"7' 1"" x 7' 1"" x 8'",7,1,7,1,8,0,R,S,BD,AA
Patio,"7' 1"" x 7' 1"" x 8'",7,1,7,1,8,0,R,S,BD,EC
Patio,"7' 1"" x 7' 1"" x 8'",7,1,7,1,8,0,R,S,BU,EC
Patio,"7' 1"" x 7' 1"" x 8'",7,1,7,1,8,0,R,S,C,AA
Patio,"7' 1"" x 7' 1"" x 8'",7,1,7,1,8,0,R,S,C,EC
UtilityRoom,"11' 10"" x 9' 10"" x 9'",11,10,9,10,9,0,R,L,BD,CU
UtilityRoom,"11' 11"" x 9' 11"" x 8'",11,11,9,11,8,0,R,L,BD,ST
UtilityRoom,"11' 4"" x 9' 5"" x 8'",11,4,9,5,8,0,R,L,BU,ST
UtilityRoom,"11' x 9' 2"" x 9'",11,0,9,2,9,0,R,L,C,CU
UtilityRoom,"11' 5"" x 9' 6"" x 8'",11,5,9,6,8,0,R,L,C,ST
UtilityRoom,"8' 8"" x 6' 11"" x 9'",8,8,6,11,9,0,R,M,BD,CU
UtilityRoom,"8' 11"" x 7' 1"" x 8'",8,11,7,1,8,0,R,M,BD,ST
UtilityRoom,NA,NA,NA,NA,NA,NA,NA,R,M,BU,ST
UtilityRoom,"8' 7"" x 6' 10"" x 9'",8,7,6,10,9,0,R,M,C,CU
UtilityRoom,"8' 8"" x 6' 11"" x 8'",8,8,6,11,8,0,R,M,C,ST
UtilityRoom,"7' 1"" x 5' 1"" x 8'",7,1,5,1,8,0,R,S,BD,AA
UtilityRoom,"7' 3"" x 5' 2"" x 8'",7,3,5,2,8,0,R,S,BD,EC
UtilityRoom,"6' 10"" x 4' 11"" x 8'",6,10,4,11,8,0,R,S,BU,EC
UtilityRoom,NA,NA,NA,NA,NA,NA,NA,R,S,C,AA
UtilityRoom,7' x 5' x 8',7,0,5,0,8,0,R,S,C,EC
UtilityRoom,"11' 9"" x 9' 9"" x 9'",11,9,9,9,9,0,R,L,BD,CU
UtilityRoom,"11' 6"" x 9' 7"" x 8'",11,6,9,7,8,0,R,L,BU,ST
UtilityRoom,"11' 4"" x 9' 5"" x 9'",11,4,9,5,9,0,R,L,C,CU
UtilityRoom,"11' 7"" x 9' 8"" x 8'",11,7,9,8,8,0,R,L,C,ST
UtilityRoom,"9' 4"" x 7' 5"" x 9'",9,4,7,5,9,0,R,M,BD,CU
UtilityRoom,"9' 6"" x 7' 7"" x 8'",9,6,7,7,8,0,R,M,BD,ST
UtilityRoom,"8' 11"" x 7' 2"" x 8'",8,11,7,2,8,0,R,M,BU,ST
UtilityRoom,"8' 11"" x 7' 1"" x 9'",8,11,7,1,9,0,R,M,C,CU
UtilityRoom,"9' 1"" x 7' 3"" x 8'",9,1,7,3,8,0,R,M,C,ST
UtilityRoom,"6' 8"" x 4' 9"" x 8'",6,8,4,9,8,0,R,S,BD,AA
UtilityRoom,"6' 8"" x 4' 9"" x 8'",6,8,4,9,8,0,R,S,BD,EC
UtilityRoom,"6' 4"" x 4' 6"" x 8'",6,4,4,6,8,0,R,S,BU,EC
UtilityRoom,"6' 6"" x 4' 7"" x 8'",6,6,4,7,8,0,R,S,C,EC
UtilityRoom2,"11' 10"" x 9' 10"" x 9'",11,10,9,10,9,0,R,L,BD,CU
UtilityRoom2,"11' 11"" x 9' 11"" x 8'",11,11,9,11,8,0,R,L,BD,ST
UtilityRoom2,"8' 8"" x 6' 11"" x 9'",8,8,6,11,9,0,R,M,BD,CU
UtilityRoom2,"8' 11"" x 7' 1"" x 8'",8,11,7,1,8,0,R,M,BD,ST
UtilityRoom2,"6' 10"" x 4' 11"" x 9'",6,10,4,11,9,0,R,L,BD,CU
UtilityRoom2,"6' 11"" x 4' 11"" x 8'",6,11,4,11,8,0,R,L,BD,ST
WalkInCloset,"11' 10"" x 9' 10"" x 9'",11,10,9,10,9,0,R,L,BD,CU
WalkInCloset,"11' 11"" x 9' 11"" x 8'",11,11,9,11,8,0,R,L,BD,ST
WalkInCloset,"11' 4"" x 9' 5"" x 8'",11,4,9,5,8,0,R,L,BU,ST
WalkInCloset,"11' x 9' 2"" x 9'",11,0,9,2,9,0,R,L,C,CU
WalkInCloset,"11' 5"" x 9' 6"" x 8'",11,5,9,6,8,0,R,L,C,ST
WalkInCloset,"8' 8"" x 6' 11"" x 9'",8,8,6,11,9,0,R,M,BD,CU
WalkInCloset,"8' 11"" x 7' 1"" x 8'",8,11,7,1,8,0,R,M,BD,ST
WalkInCloset,NA,NA,NA,NA,NA,NA,NA,R,M,BU,ST
WalkInCloset,"8' 7"" x 6' 10"" x 9'",8,7,6,10,9,0,R,M,C,CU
WalkInCloset,NA,NA,NA,NA,NA,NA,NA,R,M,C,ST
WalkInCloset,"11' 9"" x 9' 9"" x 9'",11,9,9,9,9,0,R,L,BD,CU
WalkInCloset,NA,NA,NA,NA,NA,NA,NA,R,L,BU,ST
WalkInCloset,"11' 4"" x 9' 5"" x 9'",11,4,9,5,9,0,R,L,C,CU
WalkInCloset,"11' 7"" x 9' 8"" x 8'",11,7,9,8,8,0,R,L,C,ST
WalkInCloset,"9' 4"" x 7' 5"" x 9'",9,4,7,5,9,0,R,M,BD,CU
WalkInCloset,"9' 6"" x 7' 7"" x 8'",9,6,7,7,8,0,R,M,BD,ST
WalkInCloset,"8' 11"" x 7' 2"" x 8'",8,11,7,2,8,0,R,M,BU,ST
WalkInCloset,"8' 11"" x 7' 1"" x 9'",8,11,7,1,9,0,R,M,C,CU
WalkInCloset,"9' 1"" x 7' 3"" x 8'",9,1,7,3,8,0,R,M,C,ST
WalkInCloset2,"11' 10"" x 9' 10"" x 9'",11,10,9,10,9,0,R,L,BD,CU
WalkInCloset2,"11' 11"" x 9' 11"" x 8'",11,11,9,11,8,0,R,L,BD,ST
WalkInCloset2,"8' 8"" x 6' 11"" x 9'",8,8,6,11,9,0,R,M,BD,CU
WalkInCloset2,"8' 11"" x 7' 1"" x 8'",8,11,7,1,8,0,R,M,BD,ST
WalkInCloset2,"11' 9"" x 9' 9"" x 9'",11,9,9,9,9,0,R,L,BD,CU
WalkInCloset2,"11' 6"" x 9' 7"" x 8'",11,6,9,7,8,0,R,L,BU,ST
WalkInCloset2,"11' 4"" x 9' 5"" x 9'",11,4,9,5,9,0,R,L,C,CU
WalkInCloset2,"11' 7"" x 9' 8"" x 8'",11,7,9,8,8,0,R,L,C,ST
WalkInCloset3,"9' 9"" x 7' 10"" x 9'",9,9,7,10,9,0,R,L,BD,CU
WalkInCloset3,"9' 11"" x 7' 11"" x 8'",9,11,7,11,8,0,R,L,BD,ST
